item_id,declaration_id,year,customs_office_code,customs_office_name,regime,registration_serial,registration_number,reference_number,registration_date,hs_code,commercial_description,country_of_origin,country_of_origin_code,country_of_export,country_of_export_code,country_of_destination,country_of_destination_code,uom,qty_by_uom,actual_unit_price,price_basis,local_amount,sup_amount,invoice_amount,net_weight,gross_weight,status,specification_code,warehouse_code,exit_office_code,exit_officer_id,operation_name,operation_date,encrypted_declarant_cr,encrypted_consignee_cr,encrypted_exporter_cr
2022-2601-8-10000-1,2022-2601-8-10000,2022,2601,Dry Port - Hidd,EX,8,10000,80232,10/31/2022,9018390000,Medical syringes and needles,BH,BH,BH,BH,CN,CN,NMB,78.0,0.18,FOB,5.28,3.67,14.04,155.95,163.92,Released,8,6,2601,512,,,CR_HASH_199,,CR_HASH_039
2022-2701-1-10001-1,2022-2701-1-10001,2022,2701,Khalifa Bin Salman Port,IM,1,10001,81541,7/4/2022,8517120000,Cellular telephones,AE,AE,CN,CN,BH,BH,NMB,49.0,835.24,CIF,15388.46,0.64,40926.76,257.76,292.05,Released,4,9,2701,292,,,CR_HASH_023,CR_HASH_028,
2022-2601-9-10002-1,2022-2601-9-10002,2022,2601,Dry Port - Hidd,IM,9,10002,69787,4/11/2022,9018390000,Medical syringes and needles,CN,CN,CN,CN,BH,BH,NMB,7.0,0.08,FOB,0.21,4.16,0.56,32.74,38.23,Released,3,2,2601,400,,,CR_HASH_059,CR_HASH_049,
2022-2501-1-10003-1,2022-2501-1-10003,2022,2501,Bahrain International Airport,IM,1,10003,31488,1/9/2022,8504400090,Static converters,AE,AE,AE,AE,BH,BH,NMB,144.0,131.61,CIF,7125.89,3.34,18951.84,824.03,920.38,Released,4,9,2501,178,,,CR_HASH_042,CR_HASH_019,
2022-2501-4-10004-1,2022-2501-4-10004,2022,2501,Bahrain International Airport,IM,4,10004,17132,5/6/2022,3923301000,Plastic bottles for packaging,DE,DE,DE,DE,BH,BH,NMB,73.0,0.59,CIF,16.19,4.56,43.07,429.0,479.37,Released,5,7,2501,281,,,CR_HASH_184,CR_HASH_014,
2022-2601-8-10005-1,2022-2601-8-10005,2022,2601,Dry Port - Hidd,EX,8,10005,62568,9/21/2022,8703221000,Passenger cars 1000-1500cc,BH,BH,BH,BH,SA,SA,NMB,109.0,22132.29,CIF,907069.77,0.88,2412419.61,407.74,466.49,Released,7,4,2601,807,,,CR_HASH_045,,CR_HASH_007
2022-2501-5-10006-1,2022-2501-5-10006,2022,2501,Bahrain International Airport,IM,5,10006,65120,1/16/2022,8517120000,Cellular telephones,AE,AE,AE,AE,BH,BH,NMB,66.0,258.98,FOB,6426.85,0.6,17092.68,490.93,558.27,Released,9,4,2501,533,,,CR_HASH_112,CR_HASH_017,
2022-2801-1-10007-1,2022-2801-1-10007,2022,2801,King Fahd Causeway,EX,1,10007,39840,6/20/2022,8471300000,Portable laptop computers,BH,BH,BH,BH,AE,AE,NMB,55.0,468.96,FOB,9698.09,2.48,25792.8,222.81,242.87,Released,3,1,2801,426,,,CR_HASH_122,,CR_HASH_047
2022-2501-9-10008-1,2022-2501-9-10008,2022,2501,Bahrain International Airport,IM,9,10008,38860,10/29/2022,8703221000,Passenger cars 1000-1500cc,SA,SA,SA,SA,BH,BH,NMB,28.0,16080.72,CIF,169297.82,4.62,450260.16,152.48,176.73,Pending,3,3,2501,133,,,CR_HASH_234,CR_HASH_038,
2022-2701-5-10009-1,2022-2701-5-10009,2022,2701,Khalifa Bin Salman Port,IM,5,10009,26262,2/21/2022,2710192100,Gas oils for diesel engines,DE,DE,DE,DE,BH,BH,LTR,16680.9,1.03,CIF,6460.18,0.7,17181.33,14229.0,15486.77,Released,4,9,2701,992,,,CR_HASH_247,CR_HASH_046,
2022-2801-1-10010-1,2022-2801-1-10010,2022,2801,King Fahd Causeway,IM,1,10010,76294,2/25/2022,8504400090,Static converters,US,US,DE,DE,BH,BH,NMB,169.0,226.56,EXW,14396.53,1.68,38288.64,923.16,1021.06,Released,9,9,2801,316,,,CR_HASH_221,CR_HASH_005,
2022-2501-1-10011-1,2022-2501-1-10011,2022,2501,Bahrain International Airport,IM,1,10011,97463,1/12/2022,9018390000,Medical syringes and needles,JP,JP,JP,JP,BH,BH,NMB,178.0,0.13,FOB,8.7,1.15,23.14,503.28,587.13,Released,9,1,2501,256,,,CR_HASH_039,CR_HASH_016,
2022-2601-2-10012-1,2022-2601-2-10012,2022,2601,Dry Port - Hidd,IM,2,10012,17594,3/25/2022,8471300000,Portable laptop computers,SA,SA,SA,SA,BH,BH,NMB,135.0,229.19,EXW,11633.68,1.09,30940.65,269.77,315.8,Released,2,6,2601,933,,,CR_HASH_007,CR_HASH_036,
2022-2601-9-10013-1,2022-2601-9-10013,2022,2601,Dry Port - Hidd,RE,9,10013,67057,1/30/2022,2710192100,Gas oils for diesel engines,CN,CN,BH,BH,DE,DE,LTR,10027.39,0.9,EXW,3393.27,1.13,9024.65,7570.4,8579.38,Released,7,4,2601,105,,,CR_HASH_231,CR_HASH_008,
2022-2501-6-10014-1,2022-2501-6-10014,2022,2501,Bahrain International Airport,IM,6,10014,51670,12/19/2022,8517120000,Cellular telephones,IN,IN,IN,IN,BH,BH,NMB,186.0,984.8,CIF,68872.97,2.89,183172.8,245.26,288.04,Released,6,9,2501,880,,,CR_HASH_063,CR_HASH_040,
2022-2701-3-10015-1,2022-2701-3-10015,2022,2701,Khalifa Bin Salman Port,EX,3,10015,34182,10/2/2022,1006301000,Long-grain milled rice,BH,BH,BH,BH,IN,IN,KGM,1933.5,0.87,CIF,632.48,3.86,1682.14,1933.5,2161.82,Held,8,9,2701,194,,,CR_HASH_133,,CR_HASH_013
2022-2501-5-10016-1,2022-2501-5-10016,2022,2501,Bahrain International Airport,IM,5,10016,51008,11/18/2022,8703221000,Passenger cars 1000-1500cc,CN,CN,US,US,BH,BH,NMB,72.0,21493.28,CIF,581866.08,0.6,1547516.16,125.39,137.01,Released,1,2,2501,257,,,CR_HASH_144,CR_HASH_008,
2022-2501-4-10017-1,2022-2501-4-10017,2022,2501,Bahrain International Airport,IM,4,10017,90019,10/31/2022,8703221000,Passenger cars 1000-1500cc,AE,AE,IN,IN,BH,BH,NMB,103.0,12872.61,CIF,498530.44,1.62,1325878.83,709.0,749.07,Released,6,9,2501,474,,,CR_HASH_123,CR_HASH_009,
2022-2501-1-10018-1,2022-2501-1-10018,2022,2501,Bahrain International Airport,EX,1,10018,82061,4/14/2022,2710192100,Gas oils for diesel engines,BH,BH,BH,BH,CN,CN,LTR,10713.18,0.39,EXW,1570.98,4.91,4178.14,10016.48,10666.22,Released,8,6,2501,800,,,CR_HASH_209,,CR_HASH_042
2022-2701-6-10019-1,2022-2701-6-10019,2022,2701,Khalifa Bin Salman Port,IM,6,10019,33981,8/18/2022,8504400090,Static converters,IN,IN,IN,IN,BH,BH,NMB,148.0,147.93,CIF,8232.01,2.65,21893.64,501.45,574.63,Released,2,4,2701,643,,,CR_HASH_034,CR_HASH_013,
2022-2601-4-10020-1,2022-2601-4-10020,2022,2601,Dry Port - Hidd,IM,4,10020,79325,3/26/2022,8703221000,Passenger cars 1000-1500cc,SA,SA,SA,SA,BH,BH,NMB,73.0,11549.91,CIF,317021.93,2.91,843143.43,556.0,660.22,Pending,8,5,2601,686,,,CR_HASH_213,CR_HASH_024,
2022-2801-5-10021-1,2022-2801-5-10021,2022,2801,King Fahd Causeway,EX,5,10021,21889,3/15/2022,8703221000,Passenger cars 1000-1500cc,BH,BH,BH,BH,CN,CN,NMB,153.0,10763.11,EXW,619180.19,0.93,1646755.83,873.78,1030.28,Released,6,7,2801,622,,,CR_HASH_158,,CR_HASH_046
2022-2701-9-10022-1,2022-2701-9-10022,2022,2701,Khalifa Bin Salman Port,EX,9,10022,18109,1/31/2022,8504400090,Static converters,BH,BH,BH,BH,AE,AE,NMB,28.0,240.95,CIF,2536.72,3.16,6746.6,178.35,208.54,Released,1,5,2701,653,,,CR_HASH_232,,CR_HASH_047
2022-2501-2-10023-1,2022-2501-2-10023,2022,2501,Bahrain International Airport,IM,2,10023,86053,3/3/2022,8703221000,Passenger cars 1000-1500cc,SA,SA,IN,IN,BH,BH,NMB,2.0,71598.5,CIF,53842.07,1.03,143197.0,8.38,9.55,Released,1,5,2501,691,,,CR_HASH_035,CR_HASH_046,
2022-2601-9-10024-1,2022-2601-9-10024,2022,2601,Dry Port - Hidd,IM,9,10024,24184,9/24/2022,8504400090,Static converters,IN,IN,SA,SA,BH,BH,NMB,42.0,103.4,EXW,1632.89,4.71,4342.8,135.72,148.91,Released,5,4,2601,763,,,CR_HASH_068,CR_HASH_016,
2022-2501-7-10025-1,2022-2501-7-10025,2022,2501,Bahrain International Airport,EX,7,10025,86169,5/20/2022,8517120000,Cellular telephones,BH,BH,BH,BH,US,US,NMB,111.0,1129.75,EXW,47151.25,1.03,125402.25,368.82,441.84,Released,8,8,2501,672,,,CR_HASH_002,,CR_HASH_036
2022-2501-5-10026-1,2022-2501-5-10026,2022,2501,Bahrain International Airport,IM,5,10026,37173,2/14/2022,8703221000,Passenger cars 1000-1500cc,IN,IN,IN,IN,BH,BH,NMB,7.0,26230.25,FOB,69038.02,4.02,183611.75,27.57,30.78,Pending,5,1,2501,451,,,CR_HASH_171,CR_HASH_001,
2022-2501-8-10027-1,2022-2501-8-10027,2022,2501,Bahrain International Airport,IM,8,10027,87709,12/30/2022,6109100000,Cotton t-shirts,DE,DE,DE,DE,BH,BH,NMB,57.0,12.88,CIF,276.04,1.58,734.16,306.43,325.91,Released,2,8,2501,798,,,CR_HASH_170,CR_HASH_044,
2022-2501-1-10028-1,2022-2501-1-10028,2022,2501,Bahrain International Airport,IM,1,10028,86445,10/23/2022,3923301000,Plastic bottles for packaging,CN,CN,CN,CN,BH,BH,NMB,58.0,0.13,CIF,2.84,4.1,7.54,377.64,410.04,Released,9,9,2501,208,,,CR_HASH_164,CR_HASH_015,
2022-2801-7-10029-1,2022-2801-7-10029,2022,2801,King Fahd Causeway,IM,7,10029,50389,10/9/2022,9018390000,Medical syringes and needles,CN,CN,CN,CN,BH,BH,NMB,167.0,0.07,CIF,4.4,3.81,11.69,1016.85,1163.79,Released,2,1,2801,343,,,CR_HASH_022,CR_HASH_042,
2022-2701-5-10030-1,2022-2701-5-10030,2022,2701,Khalifa Bin Salman Port,IM,5,10030,79322,2/6/2022,3923301000,Plastic bottles for packaging,CN,CN,IN,IN,BH,BH,NMB,150.0,0.14,CIF,7.9,4.91,21.0,873.28,939.62,Released,5,5,2701,804,,,CR_HASH_093,CR_HASH_005,
2022-2701-8-10031-1,2022-2701-8-10031,2022,2701,Khalifa Bin Salman Port,IM,8,10031,23359,4/3/2022,8703221000,Passenger cars 1000-1500cc,AE,AE,AE,AE,BH,BH,NMB,89.0,23920.49,FOB,800475.28,2.32,2128923.61,477.86,569.17,Released,9,5,2701,216,,,CR_HASH_037,CR_HASH_008,
2022-2801-2-10032-1,2022-2801-2-10032,2022,2801,King Fahd Causeway,IM,2,10032,95421,2/13/2022,3923301000,Plastic bottles for packaging,AE,AE,AE,AE,BH,BH,NMB,56.0,0.31,FOB,6.53,1.93,17.36,200.96,223.33,Pending,1,3,2801,476,,,CR_HASH_210,CR_HASH_011,
2022-2601-2-10033-1,2022-2601-2-10033,2022,2601,Dry Port - Hidd,EX,2,10033,80868,6/24/2022,0102211000,"Live cattle, pure-bred breeding",BH,BH,BH,BH,AE,AE,NMB,19.0,1761.81,FOB,12586.37,2.44,33474.39,102.47,112.45,Released,5,6,2601,573,,,CR_HASH_143,,CR_HASH_013
2022-2801-5-10034-1,2022-2801-5-10034,2022,2801,King Fahd Causeway,EX,5,10034,56735,5/12/2022,9018390000,Medical syringes and needles,BH,BH,BH,BH,AE,AE,NMB,147.0,0.45,EXW,24.87,2.72,66.15,647.1,757.09,Released,2,1,2801,164,,,CR_HASH_062,,CR_HASH_016
2022-2801-8-10035-1,2022-2801-8-10035,2022,2801,King Fahd Causeway,IM,8,10035,87088,11/14/2022,8471300000,Portable laptop computers,US,US,US,US,BH,BH,NMB,16.0,367.18,FOB,2208.95,1.19,5874.88,9.76,11.46,Released,3,6,2801,700,,,CR_HASH_070,CR_HASH_035,
2022-2701-4-10036-1,2022-2701-4-10036,2022,2701,Khalifa Bin Salman Port,EX,4,10036,93307,2/13/2022,8703221000,Passenger cars 1000-1500cc,BH,BH,BH,BH,US,US,NMB,191.0,124546.45,FOB,8944427.85,0.55,23788371.95,1080.58,1248.95,Released,2,7,2701,572,,,CR_HASH_188,,CR_HASH_020
2022-2501-7-10037-1,2022-2501-7-10037,2022,2501,Bahrain International Airport,IM,7,10037,39573,6/20/2022,8517120000,Cellular telephones,IN,IN,JP,JP,BH,BH,NMB,84.0,1188.05,CIF,37523.37,3.9,99796.2,131.21,146.59,Released,4,5,2501,521,,,CR_HASH_210,CR_HASH_020,
2022-2501-3-10038-1,2022-2501-3-10038,2022,2501,Bahrain International Airport,IM,3,10038,17570,12/2/2022,8517120000,Cellular telephones,CN,CN,CN,CN,BH,BH,NMB,49.0,149.11,CIF,2747.2,4.3,7306.39,240.02,269.78,Released,8,6,2501,599,,,CR_HASH_226,CR_HASH_001,
2022-2601-7-10039-1,2022-2601-7-10039,2022,2601,Dry Port - Hidd,IM,7,10039,72023,8/25/2022,8504400090,Static converters,AE,AE,AE,AE,BH,BH,NMB,152.0,42.78,EXW,2444.96,2.77,6502.56,1038.71,1165.83,Released,9,3,2601,627,,,CR_HASH_133,CR_HASH_038,
2022-2801-4-10040-1,2022-2801-4-10040,2022,2801,King Fahd Causeway,IM,4,10040,27244,2/13/2022,2710192100,Gas oils for diesel engines,US,US,IN,IN,BH,BH,LTR,10226.93,0.78,CIF,2999.36,4.67,7977.01,8033.27,8843.25,Released,7,5,2801,477,,,CR_HASH_158,CR_HASH_016,
2022-2501-6-10041-1,2022-2501-6-10041,2022,2501,Bahrain International Airport,EX,6,10041,98628,4/23/2022,8703221000,Passenger cars 1000-1500cc,BH,BH,BH,BH,AE,AE,NMB,2.0,10560.44,EXW,7941.45,4.56,21120.88,15.73,17.98,Released,7,3,2501,965,,,CR_HASH_219,,CR_HASH_024
2022-2801-5-10042-1,2022-2801-5-10042,2022,2801,King Fahd Causeway,IM,5,10042,35940,8/16/2022,9018390000,Medical syringes and needles,AE,AE,AE,AE,BH,BH,NMB,15.0,0.38,EXW,2.14,3.87,5.7,116.6,139.65,Released,6,4,2801,104,,,CR_HASH_029,CR_HASH_008,
2022-2601-1-10043-1,2022-2601-1-10043,2022,2601,Dry Port - Hidd,RE,1,10043,17633,2/15/2022,8703221000,Passenger cars 1000-1500cc,US,US,BH,BH,AE,AE,NMB,155.0,14793.99,CIF,862193.74,4.11,2293068.45,555.96,649.95,Released,3,9,2601,499,,,CR_HASH_244,CR_HASH_032,
2022-2501-1-10044-1,2022-2501-1-10044,2022,2501,Bahrain International Airport,IM,1,10044,45408,10/28/2022,8471300000,Portable laptop computers,SA,SA,SA,SA,BH,BH,NMB,75.0,181.65,EXW,5122.53,0.72,13623.75,472.72,557.72,Pending,3,1,2501,659,,,CR_HASH_185,CR_HASH_037,
2022-2801-4-10045-1,2022-2801-4-10045,2022,2801,King Fahd Causeway,IM,4,10045,57176,3/27/2022,8471300000,Portable laptop computers,US,US,SA,SA,BH,BH,NMB,190.0,590.24,FOB,42166.75,4.34,112145.6,1052.05,1142.16,Pending,3,7,2801,630,,,CR_HASH_104,CR_HASH_042,
2022-2601-2-10046-1,2022-2601-2-10046,2022,2601,Dry Port - Hidd,IM,2,10046,36672,6/13/2022,0102211000,"Live cattle, pure-bred breeding",US,US,US,US,BH,BH,NMB,110.0,1118.91,EXW,46278.12,1.12,123080.1,721.13,865.22,Released,2,6,2601,267,,,CR_HASH_221,CR_HASH_032,
2022-2801-7-10047-1,2022-2801-7-10047,2022,2801,King Fahd Causeway,EX,7,10047,41577,12/31/2022,8504400090,Static converters,BH,BH,BH,BH,US,US,NMB,119.0,116.32,CIF,5204.62,0.58,13842.08,179.42,198.22,Released,5,9,2801,670,,,CR_HASH_021,,CR_HASH_004
2022-2601-5-10048-1,2022-2601-5-10048,2022,2601,Dry Port - Hidd,IM,5,10048,91814,11/18/2022,1006301000,Long-grain milled rice,CN,CN,AE,AE,BH,BH,KGM,4800.13,1.23,CIF,2219.96,3.84,5904.16,4800.13,5274.39,Released,2,6,2601,657,,,CR_HASH_059,CR_HASH_044,
2022-2501-3-10049-1,2022-2501-3-10049,2022,2501,Bahrain International Airport,IM,3,10049,67141,8/27/2022,9018390000,Medical syringes and needles,JP,JP,JP,JP,BH,BH,NMB,49.0,0.2,FOB,3.68,2.64,9.8,230.85,269.82,Pending,9,6,2501,706,,,CR_HASH_146,CR_HASH_039,
2022-2801-7-10050-1,2022-2801-7-10050,2022,2801,King Fahd Causeway,IM,7,10050,48967,4/4/2022,3923301000,Plastic bottles for packaging,CN,CN,CN,CN,BH,BH,NMB,54.0,0.23,CIF,4.67,4.82,12.42,413.92,466.45,Released,7,1,2801,363,,,CR_HASH_197,CR_HASH_046,
2022-2501-3-10051-1,2022-2501-3-10051,2022,2501,Bahrain International Airport,IM,3,10051,90800,1/15/2022,8703221000,Passenger cars 1000-1500cc,US,US,US,US,BH,BH,NMB,14.0,14102.36,EXW,74234.82,1.43,197433.04,18.72,20.74,Pending,3,5,2501,454,,,CR_HASH_194,CR_HASH_003,
2022-2601-2-10052-1,2022-2601-2-10052,2022,2601,Dry Port - Hidd,IM,2,10052,80251,3/26/2022,8471300000,Portable laptop computers,AE,AE,AE,AE,BH,BH,NMB,58.0,710.8,FOB,15501.13,1.67,41226.4,173.9,193.85,Held,3,3,2601,637,,,CR_HASH_028,CR_HASH_028,
2022-2801-5-10053-1,2022-2801-5-10053,2022,2801,King Fahd Causeway,IM,5,10053,64322,3/30/2022,9018390000,Medical syringes and needles,JP,JP,JP,JP,BH,BH,NMB,136.0,0.75,CIF,38.35,1.12,102.0,537.98,622.3,Released,9,1,2801,108,,,CR_HASH_048,CR_HASH_008,
2022-2501-8-10054-1,2022-2501-8-10054,2022,2501,Bahrain International Airport,IM,8,10054,86802,12/7/2022,8471300000,Portable laptop computers,AE,AE,AE,AE,BH,BH,NMB,31.0,553.1,FOB,6446.93,1.23,17146.1,212.99,223.79,Released,9,7,2501,994,,,CR_HASH_028,CR_HASH_014,
2022-2601-3-10055-1,2022-2601-3-10055,2022,2601,Dry Port - Hidd,IM,3,10055,20166,11/9/2022,0102211000,"Live cattle, pure-bred breeding",DE,DE,DE,DE,BH,BH,NMB,183.0,1572.58,FOB,108206.08,1.47,287782.14,1207.56,1325.61,Released,4,6,2601,385,,,CR_HASH_137,CR_HASH_040,
2022-2501-8-10056-1,2022-2501-8-10056,2022,2501,Bahrain International Airport,IM,8,10056,63444,10/28/2022,8471300000,Portable laptop computers,AE,AE,US,US,BH,BH,NMB,147.0,162.37,CIF,8974.51,1.15,23868.39,423.16,500.81,Released,7,7,2501,154,,,CR_HASH_184,CR_HASH_008,
2022-2801-5-10057-1,2022-2801-5-10057,2022,2801,King Fahd Causeway,IM,5,10057,47353,3/5/2022,8517120000,Cellular telephones,DE,DE,DE,DE,BH,BH,NMB,198.0,104.41,FOB,7773.12,3.3,20673.18,287.46,340.52,Released,3,7,2801,145,,,CR_HASH_023,CR_HASH_044,
2022-2701-2-10058-1,2022-2701-2-10058,2022,2701,Khalifa Bin Salman Port,IM,2,10058,64968,6/13/2022,0102211000,"Live cattle, pure-bred breeding",AE,AE,AE,AE,BH,BH,NMB,69.0,2221.62,CIF,57637.71,2.28,153291.78,486.74,529.6,Released,7,7,2701,578,,,CR_HASH_166,CR_HASH_031,
2022-2801-6-10059-1,2022-2801-6-10059,2022,2801,King Fahd Causeway,IM,6,10059,94551,9/22/2022,0102211000,"Live cattle, pure-bred breeding",AE,AE,AE,AE,BH,BH,NMB,151.0,2471.81,CIF,140339.48,4.5,373243.31,977.0,1102.09,Released,4,2,2801,713,,,CR_HASH_107,CR_HASH_020,
2022-2501-4-10060-1,2022-2501-4-10060,2022,2501,Bahrain International Airport,EX,4,10060,76013,6/21/2022,3923301000,Plastic bottles for packaging,BH,BH,BH,BH,JP,JP,NMB,53.0,0.24,FOB,4.78,2.21,12.72,110.83,124.18,Held,4,5,2501,179,,,CR_HASH_045,,CR_HASH_044
2022-2701-7-10061-1,2022-2701-7-10061,2022,2701,Khalifa Bin Salman Port,IM,7,10061,76923,9/28/2022,8703221000,Passenger cars 1000-1500cc,JP,JP,DE,DE,BH,BH,NMB,156.0,16398.68,FOB,961880.97,4.91,2558194.08,194.84,210.56,Released,9,4,2701,823,,,CR_HASH_199,CR_HASH_022,
2022-2801-8-10062-1,2022-2801-8-10062,2022,2801,King Fahd Causeway,IM,8,10062,16091,9/20/2022,6109100000,Cotton t-shirts,AE,AE,AE,AE,BH,BH,NMB,79.0,6.15,CIF,182.68,2.2,485.85,396.05,471.42,Released,4,7,2801,217,,,CR_HASH_126,CR_HASH_023,
2022-2501-3-10063-1,2022-2501-3-10063,2022,2501,Bahrain International Airport,IM,3,10063,97807,5/2/2022,6109100000,Cotton t-shirts,CN,CN,AE,AE,BH,BH,NMB,10.0,14.41,CIF,54.18,2.85,144.1,71.08,77.6,Released,5,5,2501,333,,,CR_HASH_120,CR_HASH_010,
2022-2501-1-10064-1,2022-2501-1-10064,2022,2501,Bahrain International Airport,IM,1,10064,37146,2/16/2022,1006301000,Long-grain milled rice,CN,CN,CN,CN,BH,BH,KGM,4800.73,1.12,EXW,2021.68,4.56,5376.82,4800.73,5253.04,Released,9,6,2501,983,,,CR_HASH_078,CR_HASH_038,
2022-2801-6-10065-1,2022-2801-6-10065,2022,2801,King Fahd Causeway,IM,6,10065,17363,5/10/2022,8471300000,Portable laptop computers,CN,CN,CN,CN,BH,BH,NMB,82.0,347.9,CIF,10726.45,1.22,28527.8,420.31,475.52,Released,8,4,2801,625,,,CR_HASH_130,CR_HASH_009,
2022-2701-7-10066-1,2022-2701-7-10066,2022,2701,Khalifa Bin Salman Port,EX,7,10066,20858,7/11/2022,0102211000,"Live cattle, pure-bred breeding",BH,BH,BH,BH,IN,IN,NMB,169.0,1488.25,CIF,94569.36,0.95,251514.25,346.64,412.93,Held,4,3,2701,259,,,CR_HASH_093,,CR_HASH_021
2022-2701-2-10067-1,2022-2701-2-10067,2022,2701,Khalifa Bin Salman Port,IM,2,10067,32356,11/5/2022,6109100000,Cotton t-shirts,SA,SA,IN,IN,BH,BH,NMB,83.0,7.85,CIF,244.98,1.23,651.55,252.73,285.49,Released,1,9,2701,166,,,CR_HASH_218,CR_HASH_036,
2022-2501-7-10068-1,2022-2501-7-10068,2022,2501,Bahrain International Airport,IM,7,10068,53382,11/21/2022,2710192100,Gas oils for diesel engines,US,US,US,US,BH,BH,LTR,10066.85,0.78,EXW,2952.4,1.24,7852.14,7803.15,9307.89,Pending,4,5,2501,962,,,CR_HASH_129,CR_HASH_005,
2022-2501-3-10069-1,2022-2501-3-10069,2022,2501,Bahrain International Airport,EX,3,10069,57576,3/17/2022,9018390000,Medical syringes and needles,BH,BH,BH,BH,US,US,NMB,6.0,0.1,FOB,0.23,1.34,0.6,30.37,34.01,Held,9,2,2501,835,,,CR_HASH_242,,CR_HASH_020
2022-2701-4-10070-1,2022-2701-4-10070,2022,2701,Khalifa Bin Salman Port,IM,4,10070,14868,10/26/2022,1006301000,Long-grain milled rice,CN,CN,CN,CN,BH,BH,KGM,849.1,1.41,EXW,450.16,4.07,1197.23,849.1,992.74,Held,2,2,2701,930,,,CR_HASH_164,CR_HASH_031,
2022-2601-3-10071-1,2022-2601-3-10071,2022,2601,Dry Port - Hidd,IM,3,10071,66904,7/13/2022,6109100000,Cotton t-shirts,CN,CN,CN,CN,BH,BH,NMB,151.0,14.91,FOB,846.53,4.65,2251.41,221.63,237.78,Released,6,3,2601,472,,,CR_HASH_001,CR_HASH_039,
2022-2701-5-10072-1,2022-2701-5-10072,2022,2701,Khalifa Bin Salman Port,RE,5,10072,62528,9/23/2022,2710192100,Gas oils for diesel engines,US,US,BH,BH,IN,IN,LTR,12194.06,0.73,CIF,3347.02,2.52,8901.66,9577.79,11030.88,Released,9,7,2701,773,,,CR_HASH_246,CR_HASH_042,
2022-2801-5-10073-1,2022-2801-5-10073,2022,2801,King Fahd Causeway,EX,5,10073,60563,4/12/2022,8703221000,Passenger cars 1000-1500cc,BH,BH,BH,BH,US,US,NMB,150.0,11049.61,CIF,623198.0,2.79,1657441.5,905.82,1005.89,Released,7,9,2801,397,,,CR_HASH_165,,CR_HASH_044
2022-2501-6-10074-1,2022-2501-6-10074,2022,2501,Bahrain International Airport,IM,6,10074,69661,6/3/2022,1006301000,Long-grain milled rice,CN,CN,CN,CN,BH,BH,KGM,2099.97,0.88,CIF,694.84,1.97,1847.97,2099.97,2411.45,Released,8,2,2501,246,,,CR_HASH_086,CR_HASH_036,
2022-2801-8-10075-1,2022-2801-8-10075,2022,2801,King Fahd Causeway,IM,8,10075,76738,10/12/2022,8504400090,Static converters,CN,CN,CN,CN,BH,BH,NMB,50.0,176.93,CIF,3326.28,2.94,8846.5,131.32,151.18,Released,7,7,2801,956,,,CR_HASH_228,CR_HASH_045,
2022-2701-7-10076-1,2022-2701-7-10076,2022,2701,Khalifa Bin Salman Port,RE,7,10076,73071,8/1/2022,0102211000,"Live cattle, pure-bred breeding",US,US,BH,BH,IN,IN,NMB,62.0,1344.83,EXW,31350.68,3.25,83379.46,349.72,368.42,Released,4,2,2701,941,,,CR_HASH_135,CR_HASH_020,
2022-2801-3-10077-1,2022-2801-3-10077,2022,2801,King Fahd Causeway,IM,3,10077,94246,11/6/2022,2710192100,Gas oils for diesel engines,US,US,US,US,BH,BH,LTR,11118.69,0.74,EXW,3093.66,3.85,8227.83,10368.56,12323.88,Pending,7,3,2801,785,,,CR_HASH_079,CR_HASH_042,
2022-2601-6-10078-1,2022-2601-6-10078,2022,2601,Dry Port - Hidd,IM,6,10078,69168,2/8/2022,1006301000,Long-grain milled rice,CN,CN,CN,CN,BH,BH,KGM,1277.11,1.11,EXW,533.01,4.37,1417.59,1277.11,1419.5,Released,2,4,2601,106,,,CR_HASH_072,CR_HASH_011,
2022-2601-5-10079-1,2022-2601-5-10079,2022,2601,Dry Port - Hidd,EX,5,10079,27332,1/15/2022,8504400090,Static converters,BH,BH,BH,BH,CN,CN,NMB,27.0,60.43,EXW,613.49,2.4,1631.61,92.49,110.97,Released,4,6,2601,889,,,CR_HASH_209,,CR_HASH_015
2022-2601-9-10080-1,2022-2601-9-10080,2022,2601,Dry Port - Hidd,EX,9,10080,73978,12/7/2022,6109100000,Cotton t-shirts,BH,BH,BH,BH,CN,CN,NMB,14.0,3.79,EXW,19.95,1.29,53.06,99.91,114.85,Released,4,5,2601,596,,,CR_HASH_113,,CR_HASH_006
2022-2701-3-10081-1,2022-2701-3-10081,2022,2701,Khalifa Bin Salman Port,RE,3,10081,38841,3/30/2022,6109100000,Cotton t-shirts,AE,AE,BH,BH,IN,IN,NMB,159.0,14.9,CIF,890.78,2.58,2369.1,193.02,223.74,Released,4,2,2701,146,,,CR_HASH_030,CR_HASH_048,
2022-2701-7-10082-1,2022-2701-7-10082,2022,2701,Khalifa Bin Salman Port,EX,7,10082,25065,5/15/2022,2710192100,Gas oils for diesel engines,BH,BH,BH,BH,US,US,LTR,15855.55,1.05,FOB,6259.77,4.52,16648.33,12911.32,15007.13,Released,2,6,2701,890,,,CR_HASH_178,,CR_HASH_040
2022-2501-3-10083-1,2022-2501-3-10083,2022,2501,Bahrain International Airport,IM,3,10083,68702,12/1/2022,8517120000,Cellular telephones,CN,CN,CN,CN,BH,BH,NMB,62.0,174.27,EXW,4062.58,1.26,10804.74,391.2,412.8,Held,1,2,2501,158,,,CR_HASH_133,CR_HASH_017,
2022-2601-8-10084-1,2022-2601-8-10084,2022,2601,Dry Port - Hidd,IM,8,10084,58490,11/11/2022,8703221000,Passenger cars 1000-1500cc,US,US,US,US,BH,BH,NMB,108.0,21384.0,EXW,868361.47,2.59,2309472.0,262.54,305.29,Released,4,4,2601,297,,,CR_HASH_051,CR_HASH_025,
2022-2501-6-10085-1,2022-2501-6-10085,2022,2501,Bahrain International Airport,IM,6,10085,98895,8/17/2022,8504400090,Static converters,CN,CN,CN,CN,BH,BH,NMB,192.0,48.92,FOB,3531.63,2.52,9392.64,669.85,802.85,Pending,4,2,2501,886,,,CR_HASH_213,CR_HASH_007,
2022-2801-9-10086-1,2022-2801-9-10086,2022,2801,King Fahd Causeway,EX,9,10086,59581,12/14/2022,9018390000,Medical syringes and needles,BH,BH,BH,BH,CN,CN,NMB,91.0,0.15,FOB,5.13,3.7,13.65,546.95,620.77,Held,5,1,2801,576,,,CR_HASH_048,,CR_HASH_037
2022-2801-6-10087-1,2022-2801-6-10087,2022,2801,King Fahd Causeway,EX,6,10087,34362,1/19/2022,2710192100,Gas oils for diesel engines,BH,BH,BH,BH,IN,IN,LTR,5573.6,0.68,CIF,1425.06,1.92,3790.05,4805.81,5323.9,Released,5,6,2801,674,,,CR_HASH_122,,CR_HASH_037
2022-2801-1-10088-1,2022-2801-1-10088,2022,2801,King Fahd Causeway,IM,1,10088,52719,9/4/2022,2710192100,Gas oils for diesel engines,CN,CN,CN,CN,BH,BH,LTR,4639.4,1.11,CIF,1936.3,1.47,5149.73,3915.61,4391.02,Released,6,5,2801,275,,,CR_HASH_210,CR_HASH_046,
2022-2701-1-10089-1,2022-2701-1-10089,2022,2701,Khalifa Bin Salman Port,IM,1,10089,42467,4/20/2022,0102211000,"Live cattle, pure-bred breeding",CN,CN,CN,CN,BH,BH,NMB,178.0,1151.87,CIF,77092.36,2.11,205032.86,1237.48,1358.83,Released,4,3,2701,935,,,CR_HASH_025,CR_HASH_017,
2022-2601-2-10090-1,2022-2601-2-10090,2022,2601,Dry Port - Hidd,IM,2,10090,96635,8/11/2022,9018390000,Medical syringes and needles,CN,CN,CN,CN,BH,BH,NMB,177.0,0.47,EXW,31.28,4.19,83.19,910.98,973.2,Released,5,2,2601,996,,,CR_HASH_050,CR_HASH_042,
2022-2501-2-10091-1,2022-2501-2-10091,2022,2501,Bahrain International Airport,IM,2,10091,57775,6/11/2022,1006301000,Long-grain milled rice,IN,IN,IN,IN,BH,BH,KGM,1687.29,1.44,FOB,913.57,4.87,2429.7,1687.29,2019.34,Pending,4,8,2501,457,,,CR_HASH_082,CR_HASH_025,
2022-2701-5-10092-1,2022-2701-5-10092,2022,2701,Khalifa Bin Salman Port,IM,5,10092,48836,10/18/2022,8517120000,Cellular telephones,IN,IN,IN,IN,BH,BH,NMB,131.0,312.53,EXW,15393.98,4.67,40941.43,417.9,464.41,Released,8,9,2701,756,,,CR_HASH_080,CR_HASH_022,
2022-2801-3-10093-1,2022-2801-3-10093,2022,2801,King Fahd Causeway,IM,3,10093,57892,5/23/2022,0102211000,"Live cattle, pure-bred breeding",SA,SA,SA,SA,BH,BH,NMB,90.0,1765.49,CIF,59744.18,1.25,158894.1,261.48,288.11,Released,7,9,2801,449,,,CR_HASH_018,CR_HASH_019,
2022-2501-8-10094-1,2022-2501-8-10094,2022,2501,Bahrain International Airport,EX,8,10094,14731,11/12/2022,8703221000,Passenger cars 1000-1500cc,BH,BH,BH,BH,JP,JP,NMB,151.0,10148.45,FOB,576188.4,2.27,1532415.95,752.05,865.11,Pending,1,9,2501,928,,,CR_HASH_189,,CR_HASH_049
2022-2801-1-10095-1,2022-2801-1-10095,2022,2801,King Fahd Causeway,IM,1,10095,50695,7/31/2022,6109100000,Cotton t-shirts,CN,CN,CN,CN,BH,BH,NMB,8.0,10.85,CIF,32.64,4.04,86.8,55.13,61.99,Pending,3,8,2801,890,,,CR_HASH_051,CR_HASH_023,
2022-2601-8-10096-1,2022-2601-8-10096,2022,2601,Dry Port - Hidd,EX,8,10096,96721,12/27/2022,8703221000,Passenger cars 1000-1500cc,BH,BH,BH,BH,US,US,NMB,12.0,8211.77,EXW,37051.51,1.34,98541.24,54.28,64.85,Held,9,6,2601,964,,,CR_HASH_068,,CR_HASH_004
2022-2701-4-10097-1,2022-2701-4-10097,2022,2701,Khalifa Bin Salman Port,IM,4,10097,47585,11/17/2022,8517120000,Cellular telephones,AE,AE,JP,JP,BH,BH,NMB,21.0,992.06,CIF,7833.31,4.08,20833.26,77.43,85.6,Released,2,8,2701,161,,,CR_HASH_152,CR_HASH_007,
2022-2701-3-10098-1,2022-2701-3-10098,2022,2701,Khalifa Bin Salman Port,IM,3,10098,81144,4/14/2022,8504400090,Static converters,US,US,US,US,BH,BH,NMB,174.0,35.27,FOB,2307.5,0.68,6136.98,300.23,345.34,Released,5,9,2701,569,,,CR_HASH_029,CR_HASH_019,
2022-2501-5-10099-1,2022-2501-5-10099,2022,2501,Bahrain International Airport,IM,5,10099,17266,12/6/2022,8517120000,Cellular telephones,JP,JP,JP,JP,BH,BH,NMB,115.0,478.56,FOB,20692.93,4.42,55034.4,755.24,903.39,Released,8,6,2501,423,,,CR_HASH_047,CR_HASH_013,
2022-2501-4-10100-1,2022-2501-4-10100,2022,2501,Bahrain International Airport,RE,4,10100,44983,6/6/2022,2710192100,Gas oils for diesel engines,CN,CN,BH,BH,CN,CN,LTR,10924.71,1.19,CIF,4888.15,4.71,13000.4,9735.66,10663.13,Released,8,9,2501,205,,,CR_HASH_130,CR_HASH_045,
2022-2501-1-10101-1,2022-2501-1-10101,2022,2501,Bahrain International Airport,EX,1,10101,15680,4/14/2022,9018390000,Medical syringes and needles,BH,BH,BH,BH,AE,AE,NMB,187.0,0.29,CIF,20.39,1.9,54.23,650.62,726.58,Pending,8,2,2501,561,,,CR_HASH_039,,CR_HASH_049
2022-2501-9-10102-1,2022-2501-9-10102,2022,2501,Bahrain International Airport,EX,9,10102,66372,4/15/2022,8517120000,Cellular telephones,BH,BH,BH,BH,IN,IN,NMB,19.0,1054.03,CIF,7529.99,4.08,20026.57,148.57,174.77,Released,5,4,2501,588,,,CR_HASH_091,,CR_HASH_047
2022-2801-2-10103-1,2022-2801-2-10103,2022,2801,King Fahd Causeway,IM,2,10103,16969,12/19/2022,3923301000,Plastic bottles for packaging,US,US,US,US,BH,BH,NMB,88.0,0.44,FOB,14.56,2.51,38.72,302.39,321.58,Released,2,9,2801,850,,,CR_HASH_176,CR_HASH_036,
2022-2501-1-10104-1,2022-2501-1-10104,2022,2501,Bahrain International Airport,IM,1,10104,41980,8/12/2022,2710192100,Gas oils for diesel engines,AE,AE,US,US,BH,BH,LTR,4513.49,1.18,CIF,2002.55,0.78,5325.92,4267.23,4631.88,Released,2,2,2501,611,,,CR_HASH_141,CR_HASH_003,
2022-2801-3-10105-1,2022-2801-3-10105,2022,2801,King Fahd Causeway,EX,3,10105,41310,5/13/2022,8703221000,Passenger cars 1000-1500cc,BH,BH,BH,BH,AE,AE,NMB,132.0,9037.35,CIF,448541.76,1.52,1192930.2,921.5,1098.73,Released,4,4,2801,658,,,CR_HASH_156,,CR_HASH_007
2022-2801-4-10106-1,2022-2801-4-10106,2022,2801,King Fahd Causeway,IM,4,10106,74970,12/12/2022,2710192100,Gas oils for diesel engines,SA,SA,SA,SA,BH,BH,LTR,11039.3,0.46,EXW,1909.36,4.72,5078.08,9239.36,10018.21,Released,7,2,2801,839,,,CR_HASH_192,CR_HASH_038,
2022-2701-5-10107-1,2022-2701-5-10107,2022,2701,Khalifa Bin Salman Port,IM,5,10107,76053,2/9/2022,8703221000,Passenger cars 1000-1500cc,DE,DE,DE,DE,BH,BH,NMB,104.0,15163.86,FOB,592967.58,1.53,1577041.44,424.8,472.91,Released,6,6,2701,145,,,CR_HASH_243,CR_HASH_004,
2022-2801-1-10108-1,2022-2801-1-10108,2022,2801,King Fahd Causeway,IM,1,10108,51044,8/7/2022,1006301000,Long-grain milled rice,IN,IN,IN,IN,BH,BH,KGM,4494.1,4.6,FOB,7773.0,4.35,20672.86,4494.1,5245.8,Released,6,3,2801,412,,,CR_HASH_225,CR_HASH_021,
2022-2701-8-10109-1,2022-2701-8-10109,2022,2701,Khalifa Bin Salman Port,IM,8,10109,29394,6/8/2022,6109100000,Cotton t-shirts,IN,IN,IN,IN,BH,BH,NMB,186.0,6.82,FOB,476.96,1.09,1268.52,1120.52,1253.81,Released,4,2,2701,436,,,CR_HASH_240,CR_HASH_027,
2022-2501-7-10110-1,2022-2501-7-10110,2022,2501,Bahrain International Airport,IM,7,10110,27014,8/17/2022,0102211000,"Live cattle, pure-bred breeding",DE,DE,DE,DE,BH,BH,NMB,179.0,1263.4,EXW,85031.87,3.92,226148.6,354.87,388.12,Released,7,8,2501,257,,,CR_HASH_082,CR_HASH_026,
2022-2601-8-10111-1,2022-2601-8-10111,2022,2601,Dry Port - Hidd,IM,8,10111,48052,10/2/2022,1006301000,Long-grain milled rice,CN,CN,CN,CN,BH,BH,KGM,822.39,0.7,FOB,216.45,4.02,575.67,822.39,950.48,Released,7,1,2601,832,,,CR_HASH_038,CR_HASH_004,
2022-2601-4-10112-1,2022-2601-4-10112,2022,2601,Dry Port - Hidd,IM,4,10112,38245,3/17/2022,9018390000,Medical syringes and needles,US,US,US,US,BH,BH,NMB,56.0,0.21,CIF,4.42,1.09,11.76,129.19,150.22,Released,1,4,2601,730,,,CR_HASH_060,CR_HASH_009,
2022-2801-4-10113-1,2022-2801-4-10113,2022,2801,King Fahd Causeway,EX,4,10113,52435,4/21/2022,3923301000,Plastic bottles for packaging,BH,BH,BH,BH,US,US,NMB,47.0,0.63,FOB,11.13,4.5,29.61,250.16,295.21,Held,9,5,2801,811,,,CR_HASH_156,,CR_HASH_049
2022-2601-7-10114-1,2022-2601-7-10114,2022,2601,Dry Port - Hidd,IM,7,10114,19779,5/11/2022,8471300000,Portable laptop computers,US,US,US,US,BH,BH,NMB,142.0,460.18,EXW,24569.93,4.07,65345.56,659.05,774.71,Released,1,8,2601,792,,,CR_HASH_004,CR_HASH_049,
2022-2701-8-10115-1,2022-2701-8-10115,2022,2701,Khalifa Bin Salman Port,IM,8,10115,65313,12/30/2022,8517120000,Cellular telephones,CN,CN,CN,CN,BH,BH,NMB,178.0,445.78,CIF,29835.16,1.26,79348.84,1342.31,1478.82,Released,2,7,2701,152,,,CR_HASH_248,CR_HASH_028,
2022-2801-7-10116-1,2022-2801-7-10116,2022,2801,King Fahd Causeway,IM,7,10116,22604,8/18/2022,1006301000,Long-grain milled rice,CN,CN,DE,DE,BH,BH,KGM,4187.19,1.15,CIF,1810.54,4.17,4815.27,4187.19,4970.16,Released,4,3,2801,963,,,CR_HASH_066,CR_HASH_038,
2022-2601-9-10117-1,2022-2601-9-10117,2022,2601,Dry Port - Hidd,IM,9,10117,29176,4/11/2022,8703221000,Passenger cars 1000-1500cc,CN,CN,IN,IN,BH,BH,NMB,53.0,13599.14,EXW,271003.66,3.07,720754.42,176.88,207.88,Released,4,9,2601,893,,,CR_HASH_193,CR_HASH_042,
2022-2501-2-10118-1,2022-2501-2-10118,2022,2501,Bahrain International Airport,IM,2,10118,60793,1/15/2022,9018390000,Medical syringes and needles,US,US,US,US,BH,BH,NMB,104.0,0.41,FOB,16.03,2.66,42.64,341.8,368.57,Released,8,5,2501,677,,,CR_HASH_044,CR_HASH_010,
2022-2701-2-10119-1,2022-2701-2-10119,2022,2701,Khalifa Bin Salman Port,EX,2,10119,97254,9/27/2022,3923301000,Plastic bottles for packaging,BH,BH,BH,BH,MY,MY,NMB,33.0,0.38,CIF,4.72,2.61,12.54,77.35,89.69,Released,2,2,2701,266,,,CR_HASH_022,,CR_HASH_037
2022-2601-3-10120-1,2022-2601-3-10120,2022,2601,Dry Port - Hidd,EX,3,10120,34807,5/28/2022,0102211000,"Live cattle, pure-bred breeding",BH,BH,BH,BH,TR,TR,NMB,39.0,2342.93,CIF,34356.73,4.75,91374.27,97.31,106.18,Released,4,9,2601,301,,,CR_HASH_030,,CR_HASH_013
2022-2801-6-10121-1,2022-2801-6-10121,2022,2801,King Fahd Causeway,IM,6,10121,16523,5/28/2022,2710192100,Gas oils for diesel engines,IN,IN,IN,IN,BH,BH,LTR,1184.78,0.45,CIF,200.46,0.73,533.15,1105.97,1302.45,Held,8,5,2801,374,,,CR_HASH_062,CR_HASH_042,
2022-2701-5-10122-1,2022-2701-5-10122,2022,2701,Khalifa Bin Salman Port,EX,5,10122,57470,2/6/2022,8504400090,Static converters,BH,BH,BH,BH,SA,SA,NMB,120.0,201.78,EXW,9104.31,4.19,24213.6,457.1,540.06,Released,2,7,2701,658,,,CR_HASH_032,,CR_HASH_010
2022-2601-2-10123-1,2022-2601-2-10123,2022,2601,Dry Port - Hidd,IM,2,10123,79685,4/16/2022,3923301000,Plastic bottles for packaging,AE,AE,AE,AE,BH,BH,NMB,48.0,0.45,EXW,8.12,3.55,21.6,307.28,364.73,Released,5,8,2601,269,,,CR_HASH_199,CR_HASH_013,
2022-2801-5-10124-1,2022-2801-5-10124,2022,2801,King Fahd Causeway,RE,5,10124,29989,5/3/2022,3923301000,Plastic bottles for packaging,US,US,BH,BH,JP,JP,NMB,2.0,0.74,CIF,0.56,2.36,1.48,10.57,11.85,Released,8,1,2801,355,,,CR_HASH_018,CR_HASH_049,
2022-2801-6-10125-1,2022-2801-6-10125,2022,2801,King Fahd Causeway,IM,6,10125,95314,7/8/2022,2710192100,Gas oils for diesel engines,IN,IN,IN,IN,BH,BH,LTR,19609.58,1.1,CIF,8110.52,1.49,21570.54,17085.29,19627.1,Pending,7,3,2801,606,,,CR_HASH_233,CR_HASH_041,
2022-2601-5-10126-1,2022-2601-5-10126,2022,2601,Dry Port - Hidd,IM,5,10126,57229,8/9/2022,8471300000,Portable laptop computers,US,US,AE,AE,BH,BH,NMB,91.0,712.32,EXW,24372.74,3.86,64821.12,80.23,93.26,Released,8,3,2601,294,,,CR_HASH_135,CR_HASH_013,
2022-2701-4-10127-1,2022-2701-4-10127,2022,2701,Khalifa Bin Salman Port,IM,4,10127,57844,7/19/2022,8504400090,Static converters,DE,DE,DE,DE,BH,BH,NMB,160.0,80.76,CIF,4858.52,2.52,12921.6,842.67,978.84,Released,1,6,2701,379,,,CR_HASH_062,CR_HASH_046,
2022-2501-8-10128-1,2022-2501-8-10128,2022,2501,Bahrain International Airport,IM,8,10128,25221,3/15/2022,9018390000,Medical syringes and needles,CN,CN,US,US,BH,BH,NMB,162.0,0.21,CIF,12.79,0.91,34.02,1201.11,1321.01,Released,2,2,2501,442,,,CR_HASH_225,CR_HASH_041,
2022-2501-9-10129-1,2022-2501-9-10129,2022,2501,Bahrain International Airport,EX,9,10129,37677,1/27/2022,8471300000,Portable laptop computers,BH,BH,BH,BH,AE,AE,NMB,15.0,236.15,FOB,1331.89,2.85,3542.25,94.62,108.31,Pending,7,4,2501,502,,,CR_HASH_102,,CR_HASH_044
2022-2601-2-10130-1,2022-2601-2-10130,2022,2601,Dry Port - Hidd,IM,2,10130,95760,9/15/2022,1006301000,Long-grain milled rice,CN,CN,CN,CN,BH,BH,KGM,931.6,6.4,EXW,2241.8,4.35,5962.24,931.6,1095.85,Held,1,8,2601,787,,,CR_HASH_172,CR_HASH_017,
2022-2601-7-10131-1,2022-2601-7-10131,2022,2601,Dry Port - Hidd,IM,7,10131,64929,3/17/2022,0102211000,"Live cattle, pure-bred breeding",AE,AE,AE,AE,BH,BH,NMB,91.0,2346.65,CIF,80292.98,1.11,213545.15,423.8,484.52,Released,3,7,2601,655,,,CR_HASH_172,CR_HASH_022,
2022-2701-7-10132-1,2022-2701-7-10132,2022,2701,Khalifa Bin Salman Port,IM,7,10132,86088,9/4/2022,6109100000,Cotton t-shirts,CN,CN,CN,CN,BH,BH,NMB,15.0,7.81,EXW,44.05,2.96,117.15,57.11,66.33,Released,7,9,2701,524,,,CR_HASH_192,CR_HASH_012,
2022-2601-1-10133-1,2022-2601-1-10133,2022,2601,Dry Port - Hidd,IM,1,10133,70175,7/17/2022,6109100000,Cotton t-shirts,TR,TR,TR,TR,BH,BH,NMB,144.0,8.39,FOB,454.27,4.65,1208.16,868.52,921.31,Released,5,6,2601,521,,,CR_HASH_103,CR_HASH_026,
2022-2801-5-10134-1,2022-2801-5-10134,2022,2801,King Fahd Causeway,IM,5,10134,73851,12/20/2022,1006301000,Long-grain milled rice,CN,CN,CN,CN,BH,BH,KGM,986.33,0.64,CIF,237.35,3.06,631.25,986.33,1149.46,Pending,2,1,2801,946,,,CR_HASH_135,CR_HASH_036,
2022-2501-4-10135-1,2022-2501-4-10135,2022,2501,Bahrain International Airport,IM,4,10135,78047,12/19/2022,6109100000,Cotton t-shirts,SA,SA,SA,SA,BH,BH,NMB,39.0,10.34,FOB,151.63,4.99,403.26,284.44,320.0,Held,8,3,2501,752,,,CR_HASH_082,CR_HASH_008,
2022-2601-3-10136-1,2022-2601-3-10136,2022,2601,Dry Port - Hidd,RE,3,10136,93963,4/15/2022,6109100000,Cotton t-shirts,DE,DE,BH,BH,CN,CN,NMB,53.0,9.57,CIF,190.71,2.88,507.21,280.51,330.72,Released,7,8,2601,302,,,CR_HASH_132,CR_HASH_020,
2022-2801-4-10137-1,2022-2801-4-10137,2022,2801,King Fahd Causeway,EX,4,10137,17252,4/21/2022,0102211000,"Live cattle, pure-bred breeding",BH,BH,BH,BH,IN,IN,NMB,197.0,2474.58,FOB,183297.09,2.77,487492.26,496.14,544.82,Released,6,4,2801,467,,,CR_HASH_159,,CR_HASH_027
2022-2701-8-10138-1,2022-2701-8-10138,2022,2701,Khalifa Bin Salman Port,IM,8,10138,25916,9/5/2022,2710192100,Gas oils for diesel engines,IN,IN,IN,IN,BH,BH,LTR,6948.2,0.41,CIF,1071.13,1.92,2848.76,5527.8,6433.81,Released,2,3,2701,689,,,CR_HASH_246,CR_HASH_028,
2022-2601-7-10139-1,2022-2601-7-10139,2022,2601,Dry Port - Hidd,IM,7,10139,49856,11/22/2022,8471300000,Portable laptop computers,IN,IN,IN,IN,BH,BH,NMB,3.0,528.12,FOB,595.72,4.11,1584.36,15.15,16.92,Released,6,9,2601,213,,,CR_HASH_014,CR_HASH_034,
2022-2701-2-10140-1,2022-2701-2-10140,2022,2701,Khalifa Bin Salman Port,IM,2,10140,88410,1/5/2022,8703221000,Passenger cars 1000-1500cc,CN,CN,CN,CN,BH,BH,NMB,180.0,15989.87,FOB,1082194.4,1.85,2878176.6,1068.5,1218.0,Pending,5,7,2701,423,,,CR_HASH_239,CR_HASH_047,
2022-2501-7-10141-1,2022-2501-7-10141,2022,2501,Bahrain International Airport,IM,7,10141,82945,9/28/2022,8471300000,Portable laptop computers,US,US,US,US,BH,BH,NMB,21.0,612.42,CIF,4835.67,0.96,12860.82,106.64,124.4,Released,8,5,2501,658,,,CR_HASH_088,CR_HASH_026,
2022-2701-3-10142-1,2022-2701-3-10142,2022,2701,Khalifa Bin Salman Port,IM,3,10142,64772,8/9/2022,8517120000,Cellular telephones,US,US,US,US,BH,BH,NMB,9.0,345.95,EXW,1170.69,0.58,3113.55,60.15,71.51,Released,9,5,2701,955,,,CR_HASH_109,CR_HASH_010,
2022-2501-8-10143-1,2022-2501-8-10143,2022,2501,Bahrain International Airport,RE,8,10143,94438,7/5/2022,8504400090,Static converters,AE,AE,BH,BH,DE,DE,NMB,143.0,229.3,FOB,12329.0,2.38,32789.9,155.32,182.88,Released,6,5,2501,238,,,CR_HASH_016,CR_HASH_031,
2022-2701-7-10144-1,2022-2701-7-10144,2022,2701,Khalifa Bin Salman Port,IM,7,10144,43208,8/30/2022,8471300000,Portable laptop computers,AE,AE,AE,AE,BH,BH,NMB,140.0,701.84,EXW,36944.86,1.49,98257.6,1087.93,1261.96,Released,7,5,2701,633,,,CR_HASH_182,CR_HASH_002,
2022-2701-7-10145-1,2022-2701-7-10145,2022,2701,Khalifa Bin Salman Port,IM,7,10145,18552,12/11/2022,8471300000,Portable laptop computers,IN,IN,IN,IN,BH,BH,NMB,43.0,70.87,EXW,1145.83,4.94,3047.41,221.02,262.79,Released,2,5,2701,179,,,CR_HASH_031,CR_HASH_013,
2022-2701-8-10146-1,2022-2701-8-10146,2022,2701,Khalifa Bin Salman Port,EX,8,10146,38573,9/2/2022,2710192100,Gas oils for diesel engines,BH,BH,BH,BH,CN,CN,LTR,1889.27,0.73,EXW,518.57,2.51,1379.17,1543.55,1816.53,Held,9,3,2701,685,,,CR_HASH_183,,CR_HASH_026
2022-2501-4-10147-1,2022-2501-4-10147,2022,2501,Bahrain International Airport,IM,4,10147,47291,3/11/2022,9018390000,Medical syringes and needles,SA,SA,IN,IN,BH,BH,NMB,138.0,0.11,FOB,5.71,1.76,15.18,213.68,238.5,Released,4,1,2501,716,,,CR_HASH_072,CR_HASH_034,
2022-2601-4-10148-1,2022-2601-4-10148,2022,2601,Dry Port - Hidd,IM,4,10148,57739,8/13/2022,2710192100,Gas oils for diesel engines,US,US,US,US,BH,BH,LTR,2619.01,0.31,CIF,305.27,0.6,811.89,2388.7,2643.52,Released,6,5,2601,780,,,CR_HASH_163,CR_HASH_042,
2022-2801-4-10149-1,2022-2801-4-10149,2022,2801,King Fahd Causeway,EX,4,10149,79269,5/6/2022,8504400090,Static converters,BH,BH,BH,BH,CN,CN,NMB,20.0,202.22,EXW,1520.69,3.35,4044.4,100.21,116.7,Released,9,9,2801,981,,,CR_HASH_226,,CR_HASH_014
2022-2501-4-10150-1,2022-2501-4-10150,2022,2501,Bahrain International Airport,IM,4,10150,56119,9/27/2022,1006301000,Long-grain milled rice,DE,DE,DE,DE,BH,BH,KGM,2780.24,0.56,CIF,585.41,2.66,1556.93,2780.24,3107.96,Released,9,3,2501,526,,,CR_HASH_026,CR_HASH_042,
2022-2501-2-10151-1,2022-2501-2-10151,2022,2501,Bahrain International Airport,IM,2,10151,97401,1/7/2022,8471300000,Portable laptop computers,CN,CN,CN,CN,BH,BH,NMB,145.0,322.78,EXW,17597.97,2.77,46803.1,1083.99,1219.88,Released,7,8,2501,246,,,CR_HASH_236,CR_HASH_049,
2022-2501-3-10152-1,2022-2501-3-10152,2022,2501,Bahrain International Airport,RE,3,10152,46288,6/13/2022,1006301000,Long-grain milled rice,CN,CN,BH,BH,JP,JP,KGM,2010.46,0.98,FOB,740.81,1.4,1970.25,2010.46,2201.88,Released,7,5,2501,263,,,CR_HASH_050,CR_HASH_002,
2022-2701-4-10153-1,2022-2701-4-10153,2022,2701,Khalifa Bin Salman Port,EX,4,10153,61474,7/5/2022,0102211000,"Live cattle, pure-bred breeding",BH,BH,BH,BH,US,US,NMB,101.0,1393.06,CIF,52902.85,4.55,140699.06,324.18,381.85,Released,4,4,2701,766,,,CR_HASH_089,,CR_HASH_003
2022-2701-5-10154-1,2022-2701-5-10154,2022,2701,Khalifa Bin Salman Port,EX,5,10154,23593,1/15/2022,8703221000,Passenger cars 1000-1500cc,BH,BH,BH,BH,CN,CN,NMB,25.0,9769.33,EXW,91831.7,3.71,244233.25,163.8,195.01,Released,9,5,2701,407,,,CR_HASH_057,,CR_HASH_030
2022-2501-2-10155-1,2022-2501-2-10155,2022,2501,Bahrain International Airport,IM,2,10155,78350,7/12/2022,8703221000,Passenger cars 1000-1500cc,CN,CN,SA,SA,BH,BH,NMB,165.0,8558.25,CIF,530953.83,1.73,1412111.25,409.91,432.84,Held,1,4,2501,351,,,CR_HASH_236,CR_HASH_006,
2022-2501-9-10156-1,2022-2501-9-10156,2022,2501,Bahrain International Airport,IM,9,10156,41607,4/10/2022,2710192100,Gas oils for diesel engines,CN,CN,CN,CN,BH,BH,LTR,8010.77,0.61,EXW,1837.35,2.77,4886.57,6331.9,7367.15,Released,5,9,2501,382,,,CR_HASH_150,CR_HASH_049,
2022-2801-1-10157-1,2022-2801-1-10157,2022,2801,King Fahd Causeway,IM,1,10157,93434,1/13/2022,8504400090,Static converters,SA,SA,JP,JP,BH,BH,NMB,146.0,227.01,EXW,12461.94,3.97,33143.46,410.76,488.55,Released,1,3,2801,689,,,CR_HASH_123,CR_HASH_005,
2022-2501-7-10158-1,2022-2501-7-10158,2022,2501,Bahrain International Airport,EX,7,10158,13821,2/18/2022,8504400090,Static converters,BH,BH,BH,BH,CN,CN,NMB,148.0,162.53,FOB,9044.47,1.69,24054.44,380.28,422.92,Released,9,4,2501,864,,,CR_HASH_200,,CR_HASH_042
2022-2501-8-10159-1,2022-2501-8-10159,2022,2501,Bahrain International Airport,IM,8,10159,14473,6/5/2022,8517120000,Cellular telephones,US,US,US,US,BH,BH,NMB,54.0,1083.12,CIF,21991.67,2.08,58488.48,196.19,213.57,Released,6,5,2501,471,,,CR_HASH_094,CR_HASH_025,
2022-2801-9-10160-1,2022-2801-9-10160,2022,2801,King Fahd Causeway,RE,9,10160,30405,6/26/2022,0102211000,"Live cattle, pure-bred breeding",IN,IN,BH,BH,DE,DE,NMB,134.0,2134.03,EXW,107520.97,3.13,285960.02,209.81,236.87,Released,3,2,2801,935,,,CR_HASH_140,CR_HASH_009,
2022-2501-4-10161-1,2022-2501-4-10161,2022,2501,Bahrain International Airport,IM,4,10161,69662,12/10/2022,8703221000,Passenger cars 1000-1500cc,IN,IN,IN,IN,BH,BH,NMB,77.0,6176.97,FOB,178835.64,4.72,475626.69,334.32,364.0,Released,3,9,2501,332,,,CR_HASH_180,CR_HASH_004,
2022-2601-3-10162-1,2022-2601-3-10162,2022,2601,Dry Port - Hidd,IM,3,10162,33146,3/9/2022,8517120000,Cellular telephones,CN,CN,CN,CN,BH,BH,NMB,117.0,889.87,FOB,39147.16,4.65,104114.79,935.79,1046.5,Pending,1,9,2601,202,,,CR_HASH_079,CR_HASH_043,
2022-2801-6-10163-1,2022-2801-6-10163,2022,2801,King Fahd Causeway,IM,6,10163,16043,8/2/2022,3923301000,Plastic bottles for packaging,AE,AE,IN,IN,BH,BH,NMB,69.0,0.35,FOB,9.08,3.44,24.15,165.59,191.39,Released,1,4,2801,628,,,CR_HASH_224,CR_HASH_031,
2022-2601-1-10164-1,2022-2601-1-10164,2022,2601,Dry Port - Hidd,EX,1,10164,52065,8/28/2022,8504400090,Static converters,BH,BH,BH,BH,CN,CN,NMB,190.0,194.67,CIF,13907.22,0.77,36987.3,551.23,609.25,Released,4,5,2601,328,,,CR_HASH_217,,CR_HASH_027
2022-2601-2-10165-1,2022-2601-2-10165,2022,2601,Dry Port - Hidd,IM,2,10165,62876,8/31/2022,8517120000,Cellular telephones,US,US,US,US,BH,BH,NMB,139.0,789.65,CIF,41270.27,2.85,109761.35,874.16,967.55,Pending,2,9,2601,919,,,CR_HASH_066,CR_HASH_015,
2022-2601-1-10166-1,2022-2601-1-10166,2022,2601,Dry Port - Hidd,RE,1,10166,77636,10/17/2022,8504400090,Static converters,US,US,BH,BH,CN,CN,NMB,86.0,183.63,CIF,5937.86,3.76,15792.18,405.5,433.47,Released,8,8,2601,637,,,CR_HASH_024,CR_HASH_035,
2022-2801-6-10167-1,2022-2801-6-10167,2022,2801,King Fahd Causeway,IM,6,10167,68355,8/18/2022,1006301000,Long-grain milled rice,AE,AE,AE,AE,BH,BH,KGM,4228.03,1.36,FOB,2162.05,1.35,5750.12,4228.03,4985.07,Released,9,4,2801,733,,,CR_HASH_188,CR_HASH_037,
2022-2601-2-10168-1,2022-2601-2-10168,2022,2601,Dry Port - Hidd,EX,2,10168,62807,9/14/2022,6109100000,Cotton t-shirts,BH,BH,BH,BH,CN,CN,NMB,19.0,13.54,FOB,96.73,1.88,257.26,51.15,61.17,Released,3,7,2601,135,,,CR_HASH_042,,CR_HASH_035
2022-2701-6-10169-1,2022-2701-6-10169,2022,2701,Khalifa Bin Salman Port,EX,6,10169,49251,1/27/2022,8471300000,Portable laptop computers,BH,BH,BH,BH,SA,SA,NMB,179.0,624.17,CIF,42009.14,2.85,111726.43,722.68,811.5,Released,6,4,2701,363,,,CR_HASH_002,,CR_HASH_043
2022-2701-9-10170-1,2022-2701-9-10170,2022,2701,Khalifa Bin Salman Port,IM,9,10170,84206,8/7/2022,6109100000,Cotton t-shirts,CN,CN,CN,CN,BH,BH,NMB,199.0,3.02,FOB,225.97,4.64,600.98,528.55,568.82,Held,1,9,2701,160,,,CR_HASH_026,CR_HASH_038,
2022-2601-7-10171-1,2022-2601-7-10171,2022,2601,Dry Port - Hidd,IM,7,10171,43905,1/10/2022,8471300000,Portable laptop computers,CN,CN,CN,CN,BH,BH,NMB,59.0,790.92,CIF,17545.77,1.12,46664.28,249.86,284.11,Held,7,4,2601,186,,,CR_HASH_066,CR_HASH_008,
2022-2501-8-10172-1,2022-2501-8-10172,2022,2501,Bahrain International Airport,IM,8,10172,10139,9/9/2022,9018390000,Medical syringes and needles,CN,CN,CN,CN,BH,BH,NMB,74.0,0.31,CIF,8.63,4.38,22.94,440.97,482.07,Released,8,1,2501,179,,,CR_HASH_002,CR_HASH_036,
2022-2501-8-10173-1,2022-2501-8-10173,2022,2501,Bahrain International Airport,IM,8,10173,46092,4/20/2022,8471300000,Portable laptop computers,US,US,JP,JP,BH,BH,NMB,109.0,302.56,CIF,12400.12,4.24,32979.04,454.17,510.99,Pending,1,3,2501,529,,,CR_HASH_222,CR_HASH_049,
2022-2801-2-10174-1,2022-2801-2-10174,2022,2801,King Fahd Causeway,IM,2,10174,37492,2/5/2022,6109100000,Cotton t-shirts,US,US,US,US,BH,BH,NMB,183.0,5.42,EXW,372.94,2.14,991.86,725.91,797.8,Released,1,2,2801,824,,,CR_HASH_171,CR_HASH_035,
2022-2501-6-10175-1,2022-2501-6-10175,2022,2501,Bahrain International Airport,EX,6,10175,36593,11/15/2022,8703221000,Passenger cars 1000-1500cc,BH,BH,BH,BH,CN,CN,NMB,27.0,18877.19,EXW,191641.23,4.94,509684.13,44.0,46.26,Released,1,4,2501,772,,,CR_HASH_029,,CR_HASH_003
2022-2501-8-10176-1,2022-2501-8-10176,2022,2501,Bahrain International Airport,IM,8,10176,45184,2/8/2022,8703221000,Passenger cars 1000-1500cc,AE,AE,JP,JP,BH,BH,NMB,69.0,12184.09,FOB,316104.03,3.18,840702.21,167.82,180.98,Released,8,7,2501,777,,,CR_HASH_126,CR_HASH_007,
2022-2801-4-10177-1,2022-2801-4-10177,2022,2801,King Fahd Causeway,IM,4,10177,27723,6/20/2022,9018390000,Medical syringes and needles,US,US,US,US,BH,BH,NMB,41.0,0.3,FOB,4.62,2.69,12.3,230.18,275.34,Released,1,4,2801,312,,,CR_HASH_125,CR_HASH_021,
2022-2701-2-10178-1,2022-2701-2-10178,2022,2701,Khalifa Bin Salman Port,IM,2,10178,16175,12/23/2022,8471300000,Portable laptop computers,SA,SA,SA,SA,BH,BH,NMB,170.0,23.05,CIF,1473.36,3.34,3918.5,1232.85,1428.69,Released,3,7,2701,153,,,CR_HASH_232,CR_HASH_006,
2022-2801-7-10179-1,2022-2801-7-10179,2022,2801,King Fahd Causeway,EX,7,10179,70438,10/30/2022,9018390000,Medical syringes and needles,BH,BH,BH,BH,DE,DE,NMB,117.0,0.2,EXW,8.8,4.99,23.4,574.05,659.96,Released,2,1,2801,281,,,CR_HASH_103,,CR_HASH_022
2022-2701-4-10180-1,2022-2701-4-10180,2022,2701,Khalifa Bin Salman Port,IM,4,10180,27031,9/10/2022,1006301000,Long-grain milled rice,AE,AE,AE,AE,BH,BH,KGM,2900.69,0.45,FOB,490.8,4.06,1305.31,2900.69,3331.73,Released,6,9,2701,583,,,CR_HASH_155,CR_HASH_036,
2022-2701-7-10181-1,2022-2701-7-10181,2022,2701,Khalifa Bin Salman Port,EX,7,10181,29956,1/10/2022,8517120000,Cellular telephones,BH,BH,BH,BH,SA,SA,NMB,21.0,680.14,CIF,5370.39,4.22,14282.94,24.74,28.17,Released,4,6,2701,963,,,CR_HASH_069,,CR_HASH_009
2022-2601-4-10182-1,2022-2601-4-10182,2022,2601,Dry Port - Hidd,EX,4,10182,43821,8/4/2022,8504400090,Static converters,BH,BH,BH,BH,AE,AE,NMB,89.0,220.1,CIF,7365.43,2.18,19588.9,290.3,307.01,Pending,9,4,2601,554,,,CR_HASH_195,,CR_HASH_008
2022-2501-9-10183-1,2022-2501-9-10183,2022,2501,Bahrain International Airport,IM,9,10183,26844,12/26/2022,8517120000,Cellular telephones,IN,IN,AE,AE,BH,BH,NMB,45.0,997.3,FOB,16874.32,0.73,44878.5,59.9,68.36,Pending,9,9,2501,894,,,CR_HASH_225,CR_HASH_047,
2022-2701-9-10184-1,2022-2701-9-10184,2022,2701,Khalifa Bin Salman Port,IM,9,10184,34947,8/25/2022,8703221000,Passenger cars 1000-1500cc,CN,CN,CN,CN,BH,BH,NMB,128.0,21389.02,EXW,1029410.75,4.73,2737794.56,976.48,1146.75,Released,6,9,2701,150,,,CR_HASH_053,CR_HASH_036,
2022-2801-6-10185-1,2022-2801-6-10185,2022,2801,King Fahd Causeway,IM,6,10185,92320,7/14/2022,9018390000,Medical syringes and needles,CN,CN,CN,CN,BH,BH,NMB,93.0,0.24,FOB,8.39,1.47,22.32,630.06,675.35,Released,2,4,2801,606,,,CR_HASH_006,CR_HASH_012,
2022-2601-7-10186-1,2022-2601-7-10186,2022,2601,Dry Port - Hidd,EX,7,10186,65812,10/22/2022,6109100000,Cotton t-shirts,BH,BH,BH,BH,JP,JP,NMB,59.0,3.96,FOB,87.85,3.61,233.64,396.37,453.72,Released,5,1,2601,131,,,CR_HASH_228,,CR_HASH_027
2022-2801-6-10187-1,2022-2801-6-10187,2022,2801,King Fahd Causeway,IM,6,10187,22404,12/16/2022,8517120000,Cellular telephones,AE,AE,AE,AE,BH,BH,NMB,156.0,515.01,FOB,30208.43,2.19,80341.56,589.28,648.77,Released,9,4,2801,255,,,CR_HASH_207,CR_HASH_013,
2022-2601-9-10188-1,2022-2601-9-10188,2022,2601,Dry Port - Hidd,IM,9,10188,33614,8/13/2022,0102211000,"Live cattle, pure-bred breeding",DE,DE,DE,DE,BH,BH,NMB,110.0,1648.78,CIF,68193.54,0.64,181365.8,626.54,660.22,Released,8,6,2601,653,,,CR_HASH_136,CR_HASH_012,
2022-2501-7-10189-1,2022-2501-7-10189,2022,2501,Bahrain International Airport,IM,7,10189,69276,9/5/2022,0102211000,"Live cattle, pure-bred breeding",CN,CN,CN,CN,BH,BH,NMB,103.0,1826.71,FOB,70744.82,3.88,188151.13,557.48,668.6,Released,8,4,2501,590,,,CR_HASH_094,CR_HASH_001,
2022-2701-3-10190-1,2022-2701-3-10190,2022,2701,Khalifa Bin Salman Port,EX,3,10190,74989,2/27/2022,6109100000,Cotton t-shirts,BH,BH,BH,BH,TR,TR,NMB,160.0,3.59,CIF,215.97,0.52,574.4,111.22,130.73,Released,5,8,2701,400,,,CR_HASH_089,,CR_HASH_004
2022-2501-2-10191-1,2022-2501-2-10191,2022,2501,Bahrain International Airport,EX,2,10191,75974,3/16/2022,1006301000,Long-grain milled rice,BH,BH,BH,BH,SA,SA,KGM,2071.62,1.24,EXW,965.87,0.9,2568.81,2071.62,2213.86,Released,4,9,2501,947,,,CR_HASH_204,,CR_HASH_015
2022-2801-4-10192-1,2022-2801-4-10192,2022,2801,King Fahd Causeway,EX,4,10192,82338,7/27/2022,1006301000,Long-grain milled rice,BH,BH,BH,BH,CN,CN,KGM,3370.24,0.9,CIF,1140.49,3.5,3033.22,3370.24,3611.63,Released,4,3,2801,897,,,CR_HASH_116,,CR_HASH_031
2022-2801-5-10193-1,2022-2801-5-10193,2022,2801,King Fahd Causeway,IM,5,10193,88972,12/3/2022,1006301000,Long-grain milled rice,CN,CN,SA,SA,BH,BH,KGM,3887.19,0.07,EXW,102.31,1.53,272.1,3887.19,4607.57,Pending,6,9,2801,909,,,CR_HASH_205,CR_HASH_018,
2022-2501-4-10194-1,2022-2501-4-10194,2022,2501,Bahrain International Airport,IM,4,10194,72905,7/28/2022,8504400090,Static converters,CN,CN,CN,CN,BH,BH,NMB,112.0,105.37,FOB,4437.34,2.43,11801.44,473.11,559.77,Released,5,6,2501,288,,,CR_HASH_136,CR_HASH_031,
2022-2801-4-10195-1,2022-2801-4-10195,2022,2801,King Fahd Causeway,IM,4,10195,81886,4/2/2022,8517120000,Cellular telephones,IN,IN,IN,IN,BH,BH,NMB,142.0,935.98,CIF,49973.84,4.31,132909.16,1009.92,1170.91,Released,1,9,2801,259,,,CR_HASH_179,CR_HASH_046,
2022-2501-8-10196-1,2022-2501-8-10196,2022,2501,Bahrain International Airport,IM,8,10196,45689,6/3/2022,2710192100,Gas oils for diesel engines,AE,AE,AE,AE,BH,BH,LTR,9330.97,1.13,EXW,3964.54,1.61,10544.0,7419.57,8726.19,Released,2,5,2501,606,,,CR_HASH_186,CR_HASH_034,
2022-2601-9-10197-1,2022-2601-9-10197,2022,2601,Dry Port - Hidd,IM,9,10197,30389,10/22/2022,6109100000,Cotton t-shirts,AE,AE,AE,AE,BH,BH,NMB,14.0,9.47,FOB,49.85,2.62,132.58,48.86,54.76,Released,8,7,2601,770,,,CR_HASH_078,CR_HASH_029,
2022-2601-6-10198-1,2022-2601-6-10198,2022,2601,Dry Port - Hidd,IM,6,10198,32960,1/25/2022,9018390000,Medical syringes and needles,CN,CN,CN,CN,BH,BH,NMB,116.0,0.12,FOB,5.23,4.77,13.92,265.74,305.79,Released,4,4,2601,154,,,CR_HASH_213,CR_HASH_009,
2022-2501-9-10199-1,2022-2501-9-10199,2022,2501,Bahrain International Airport,IM,9,10199,12230,11/16/2022,1006301000,Long-grain milled rice,US,US,DE,DE,BH,BH,KGM,912.74,1.3,FOB,446.15,4.16,1186.56,912.74,1052.67,Released,7,1,2501,521,,,CR_HASH_168,CR_HASH_027,
2022-2801-3-10200-1,2022-2801-3-10200,2022,2801,King Fahd Causeway,RE,3,10200,96535,7/5/2022,0102211000,"Live cattle, pure-bred breeding",CN,CN,BH,BH,US,US,NMB,71.0,1892.77,CIF,50529.39,2.76,134386.67,168.45,180.4,Released,9,4,2801,110,,,CR_HASH_008,CR_HASH_043,
2022-2701-5-10201-1,2022-2701-5-10201,2022,2701,Khalifa Bin Salman Port,IM,5,10201,45410,6/4/2022,8703221000,Passenger cars 1000-1500cc,CN,CN,CN,CN,BH,BH,NMB,184.0,12105.63,FOB,837515.91,0.51,2227435.92,1174.9,1257.73,Held,7,3,2701,277,,,CR_HASH_202,CR_HASH_008,
2022-2501-4-10202-1,2022-2501-4-10202,2022,2501,Bahrain International Airport,IM,4,10202,58020,7/22/2022,8703221000,Passenger cars 1000-1500cc,AE,AE,AE,AE,BH,BH,NMB,55.0,14200.75,CIF,293671.51,3.94,781041.25,264.81,281.75,Held,4,5,2501,803,,,CR_HASH_076,CR_HASH_042,
2022-2501-7-10203-1,2022-2501-7-10203,2022,2501,Bahrain International Airport,IM,7,10203,91557,3/6/2022,8517120000,Cellular telephones,SA,SA,SA,SA,BH,BH,NMB,154.0,136.23,EXW,7888.26,3.64,20979.42,170.31,201.36,Released,7,6,2501,572,,,CR_HASH_102,CR_HASH_040,
2022-2701-7-10204-1,2022-2701-7-10204,2022,2701,Khalifa Bin Salman Port,IM,7,10204,99189,6/9/2022,3923301000,Plastic bottles for packaging,TH,TH,SA,SA,BH,BH,NMB,123.0,0.32,CIF,14.8,4.1,39.36,684.51,805.1,Released,2,8,2701,238,,,CR_HASH_111,CR_HASH_041,
2022-2501-7-10205-1,2022-2501-7-10205,2022,2501,Bahrain International Airport,IM,7,10205,29847,1/18/2022,6109100000,Cotton t-shirts,CN,CN,CN,CN,BH,BH,NMB,71.0,10.43,FOB,278.44,1.47,740.53,97.77,104.17,Released,7,3,2501,717,,,CR_HASH_024,CR_HASH_032,
2022-2701-6-10206-1,2022-2701-6-10206,2022,2701,Khalifa Bin Salman Port,IM,6,10206,86522,9/18/2022,3923301000,Plastic bottles for packaging,SA,SA,AE,AE,BH,BH,NMB,91.0,0.69,FOB,23.61,3.56,62.79,623.3,708.66,Released,7,4,2701,997,,,CR_HASH_132,CR_HASH_031,
2022-2601-6-10207-1,2022-2601-6-10207,2022,2601,Dry Port - Hidd,IM,6,10207,14046,1/4/2022,8471300000,Portable laptop computers,US,US,US,US,BH,BH,NMB,90.0,227.37,CIF,7694.2,3.62,20463.3,169.07,181.73,Held,4,1,2601,499,,,CR_HASH_149,CR_HASH_002,
2022-2601-6-10208-1,2022-2601-6-10208,2022,2601,Dry Port - Hidd,IM,6,10208,97671,1/11/2022,8703221000,Passenger cars 1000-1500cc,JP,JP,JP,JP,BH,BH,NMB,57.0,84672.65,EXW,1814704.23,3.83,4826341.05,318.83,337.36,Released,5,3,2601,297,,,CR_HASH_219,CR_HASH_047,
2022-2801-5-10209-1,2022-2801-5-10209,2022,2801,King Fahd Causeway,IM,5,10209,34342,10/31/2022,8504400090,Static converters,IN,IN,IN,IN,BH,BH,NMB,26.0,129.27,FOB,1263.74,0.71,3361.02,138.42,158.83,Released,2,8,2801,442,,,CR_HASH_056,CR_HASH_025,
2022-2701-4-10210-1,2022-2701-4-10210,2022,2701,Khalifa Bin Salman Port,IM,4,10210,38066,6/8/2022,8504400090,Static converters,CN,CN,JP,JP,BH,BH,NMB,49.0,76.07,EXW,1401.51,1.94,3727.43,162.85,180.28,Released,7,3,2701,944,,,CR_HASH_070,CR_HASH_022,
2022-2701-9-10211-1,2022-2701-9-10211,2022,2701,Khalifa Bin Salman Port,IM,9,10211,85141,6/19/2022,1006301000,Long-grain milled rice,AE,AE,AE,AE,BH,BH,KGM,3764.17,0.9,CIF,1273.79,2.35,3387.75,3764.17,4011.24,Released,6,3,2701,936,,,CR_HASH_104,CR_HASH_021,
2022-2501-7-10212-1,2022-2501-7-10212,2022,2501,Bahrain International Airport,IM,7,10212,57613,3/23/2022,6109100000,Cotton t-shirts,CN,CN,CN,CN,BH,BH,NMB,178.0,2.26,FOB,151.26,1.23,402.28,455.55,505.75,Released,2,1,2501,382,,,CR_HASH_114,CR_HASH_017,
2022-2601-3-10213-1,2022-2601-3-10213,2022,2601,Dry Port - Hidd,EX,3,10213,23189,7/20/2022,1006301000,Long-grain milled rice,BH,BH,BH,BH,CN,CN,KGM,1186.93,0.43,EXW,191.9,3.28,510.38,1186.93,1268.86,Pending,6,6,2601,589,,,CR_HASH_137,,CR_HASH_010
2022-2701-1-10214-1,2022-2701-1-10214,2022,2701,Khalifa Bin Salman Port,IM,1,10214,70018,12/27/2022,2710192100,Gas oils for diesel engines,US,US,DE,DE,BH,BH,LTR,4478.26,0.86,FOB,1448.09,4.86,3851.3,3492.35,4189.28,Released,1,4,2701,929,,,CR_HASH_121,CR_HASH_019,
2022-2701-6-10215-1,2022-2701-6-10215,2022,2701,Khalifa Bin Salman Port,EX,6,10215,86894,5/24/2022,8504400090,Static converters,BH,BH,BH,BH,US,US,NMB,174.0,147.35,EXW,9640.23,3.69,25638.9,289.26,314.32,Released,8,9,2701,598,,,CR_HASH_038,,CR_HASH_013
2022-2801-2-10216-1,2022-2801-2-10216,2022,2801,King Fahd Causeway,IM,2,10216,92189,1/3/2022,8517120000,Cellular telephones,SA,SA,AE,AE,BH,BH,NMB,135.0,165.99,FOB,8425.65,4.47,22408.65,773.5,881.13,Pending,7,8,2801,524,,,CR_HASH_144,CR_HASH_011,
2022-2601-7-10217-1,2022-2601-7-10217,2022,2601,Dry Port - Hidd,RE,7,10217,76994,9/27/2022,8471300000,Portable laptop computers,CN,CN,BH,BH,US,US,NMB,182.0,157.27,FOB,10762.3,1.96,28623.14,1203.31,1293.92,Released,8,1,2601,960,,,CR_HASH_166,CR_HASH_014,
2022-2801-9-10218-1,2022-2801-9-10218,2022,2801,King Fahd Causeway,EX,9,10218,11062,8/26/2022,8517120000,Cellular telephones,BH,BH,BH,BH,AE,AE,NMB,19.0,262.74,CIF,1877.01,4.61,4992.06,57.43,61.65,Released,2,8,2801,689,,,CR_HASH_194,,CR_HASH_026
2022-2801-1-10219-1,2022-2801-1-10219,2022,2801,King Fahd Causeway,IM,1,10219,27983,12/20/2022,8504400090,Static converters,US,US,US,US,BH,BH,NMB,118.0,86.57,FOB,3840.94,1.08,10215.26,566.85,610.78,Released,9,9,2801,554,,,CR_HASH_064,CR_HASH_023,
2022-2801-2-10220-1,2022-2801-2-10220,2022,2801,King Fahd Causeway,EX,2,10220,64561,5/27/2022,6109100000,Cotton t-shirts,BH,BH,BH,BH,AE,AE,NMB,136.0,11.31,CIF,578.35,1.59,1538.16,351.78,374.62,Released,5,1,2801,966,,,CR_HASH_177,,CR_HASH_036
2022-2801-2-10221-1,2022-2801-2-10221,2022,2801,King Fahd Causeway,EX,2,10221,84218,7/20/2022,0102211000,"Live cattle, pure-bred breeding",BH,BH,BH,BH,US,US,NMB,122.0,2144.47,FOB,98371.13,1.45,261625.34,563.29,639.03,Held,9,7,2801,188,,,CR_HASH_013,,CR_HASH_024
2022-2801-6-10222-1,2022-2801-6-10222,2022,2801,King Fahd Causeway,IM,6,10222,77574,8/15/2022,8703221000,Passenger cars 1000-1500cc,IN,IN,IN,IN,BH,BH,NMB,94.0,19913.5,CIF,703822.74,4.5,1871869.0,125.08,132.83,Released,5,7,2801,503,,,CR_HASH_061,CR_HASH_038,
2022-2701-3-10223-1,2022-2701-3-10223,2022,2701,Khalifa Bin Salman Port,IM,3,10223,20144,9/12/2022,9018390000,Medical syringes and needles,US,US,US,US,BH,BH,NMB,142.0,0.48,FOB,25.63,1.91,68.16,489.81,568.84,Released,2,4,2701,339,,,CR_HASH_148,CR_HASH_024,
2022-2801-1-10224-1,2022-2801-1-10224,2022,2801,King Fahd Causeway,IM,1,10224,65600,11/7/2022,6109100000,Cotton t-shirts,CN,CN,CN,CN,BH,BH,NMB,128.0,61.35,EXW,2952.65,1.33,7852.8,1009.95,1167.42,Released,6,6,2801,907,,,CR_HASH_095,CR_HASH_036,
2022-2501-9-10225-1,2022-2501-9-10225,2022,2501,Bahrain International Airport,EX,9,10225,81028,5/19/2022,6109100000,Cotton t-shirts,BH,BH,BH,BH,DE,DE,NMB,153.0,7.82,CIF,449.87,4.49,1196.46,605.48,694.11,Released,1,8,2501,682,,,CR_HASH_170,,CR_HASH_046
2022-2801-6-10226-1,2022-2801-6-10226,2022,2801,King Fahd Causeway,IM,6,10226,32002,1/10/2022,6109100000,Cotton t-shirts,CN,CN,CN,CN,BH,BH,NMB,173.0,10.03,CIF,652.43,2.18,1735.19,862.12,962.37,Held,1,5,2801,921,,,CR_HASH_124,CR_HASH_007,
2022-2701-2-10227-1,2022-2701-2-10227,2022,2701,Khalifa Bin Salman Port,IM,2,10227,40373,5/30/2022,8517120000,Cellular telephones,DE,DE,SA,SA,BH,BH,NMB,146.0,593.3,CIF,32569.8,3.24,86621.8,1024.66,1215.27,Released,7,3,2701,314,,,CR_HASH_181,CR_HASH_033,
2022-2501-2-10228-1,2022-2501-2-10228,2022,2501,Bahrain International Airport,EX,2,10228,81955,3/23/2022,0102211000,"Live cattle, pure-bred breeding",BH,BH,BH,BH,US,US,NMB,132.0,2127.56,EXW,105595.06,4.44,280837.92,269.21,300.99,Released,9,2,2501,864,,,CR_HASH_186,,CR_HASH_027
2022-2801-2-10229-1,2022-2801-2-10229,2022,2801,King Fahd Causeway,IM,2,10229,14877,5/23/2022,1006301000,Long-grain milled rice,CN,CN,CN,CN,BH,BH,KGM,332.62,0.49,EXW,61.28,3.92,162.98,332.62,396.81,Released,6,1,2801,707,,,CR_HASH_056,CR_HASH_010,
2022-2601-7-10230-1,2022-2601-7-10230,2022,2601,Dry Port - Hidd,IM,7,10230,52773,7/31/2022,6109100000,Cotton t-shirts,TH,TH,TH,TH,BH,BH,NMB,88.0,14.19,FOB,469.52,1.22,1248.72,513.37,589.59,Released,7,8,2601,343,,,CR_HASH_002,CR_HASH_023,
2022-2601-6-10231-1,2022-2601-6-10231,2022,2601,Dry Port - Hidd,IM,6,10231,72000,12/31/2022,8517120000,Cellular telephones,CN,CN,CN,CN,BH,BH,NMB,183.0,464.38,EXW,31953.06,2.42,84981.54,835.04,892.93,Pending,3,9,2601,585,,,CR_HASH_083,CR_HASH_031,
2022-2701-1-10232-1,2022-2701-1-10232,2022,2701,Khalifa Bin Salman Port,EX,1,10232,63561,2/5/2022,0102211000,"Live cattle, pure-bred breeding",BH,BH,BH,BH,CN,CN,NMB,144.0,2093.74,CIF,113363.46,4.98,301498.56,911.06,1008.07,Released,1,3,2701,843,,,CR_HASH_005,,CR_HASH_015
2022-2701-1-10233-1,2022-2701-1-10233,2022,2701,Khalifa Bin Salman Port,IM,1,10233,26752,5/29/2022,8504400090,Static converters,CN,CN,CN,CN,BH,BH,NMB,14.0,218.86,FOB,1152.08,0.82,3064.04,44.16,47.19,Released,8,1,2701,803,,,CR_HASH_178,CR_HASH_020,
2022-2601-3-10234-1,2022-2601-3-10234,2022,2601,Dry Port - Hidd,IM,3,10234,58667,12/1/2022,8504400090,Static converters,SA,SA,SA,SA,BH,BH,NMB,196.0,242.16,CIF,17846.22,3.22,47463.36,1113.25,1184.98,Released,9,6,2601,704,,,CR_HASH_017,CR_HASH_010,
2022-2701-6-10235-1,2022-2701-6-10235,2022,2701,Khalifa Bin Salman Port,EX,6,10235,94330,3/5/2022,3923301000,Plastic bottles for packaging,BH,BH,BH,BH,US,US,NMB,96.0,0.13,EXW,4.69,2.71,12.48,51.14,57.59,Released,8,2,2701,123,,,CR_HASH_169,,CR_HASH_031
2022-2801-1-10236-1,2022-2801-1-10236,2022,2801,King Fahd Causeway,IM,1,10236,29461,1/22/2022,3923301000,Plastic bottles for packaging,CN,CN,CN,CN,BH,BH,NMB,145.0,3.5,FOB,190.82,2.25,507.5,101.71,115.24,Released,5,6,2801,184,,,CR_HASH_122,CR_HASH_035,
2022-2501-6-10237-1,2022-2501-6-10237,2022,2501,Bahrain International Airport,EX,6,10237,10325,7/26/2022,3923301000,Plastic bottles for packaging,BH,BH,BH,BH,AE,AE,NMB,107.0,0.75,CIF,30.17,0.99,80.25,798.41,888.24,Released,9,1,2501,663,,,CR_HASH_190,,CR_HASH_005
2022-2501-7-10238-1,2022-2501-7-10238,2022,2501,Bahrain International Airport,IM,7,10238,85218,5/9/2022,3923301000,Plastic bottles for packaging,SA,SA,SA,SA,BH,BH,NMB,158.0,0.51,CIF,30.3,4.15,80.58,94.4,103.09,Released,7,3,2501,725,,,CR_HASH_019,CR_HASH_017,
2022-2501-8-10239-1,2022-2501-8-10239,2022,2501,Bahrain International Airport,IM,8,10239,18993,3/10/2022,9018390000,Medical syringes and needles,US,US,US,US,BH,BH,NMB,196.0,0.14,FOB,10.32,1.1,27.44,262.82,296.39,Released,5,9,2501,317,,,CR_HASH_169,CR_HASH_018,
2022-2501-4-10240-1,2022-2501-4-10240,2022,2501,Bahrain International Airport,IM,4,10240,35351,4/14/2022,8504400090,Static converters,JP,JP,JP,JP,BH,BH,NMB,65.0,227.62,EXW,5563.03,4.46,14795.3,88.48,100.29,Released,5,2,2501,973,,,CR_HASH_074,CR_HASH_017,
2022-2701-4-10241-1,2022-2701-4-10241,2022,2701,Khalifa Bin Salman Port,EX,4,10241,13867,7/6/2022,0102211000,"Live cattle, pure-bred breeding",BH,BH,BH,BH,CN,CN,NMB,189.0,863.43,CIF,61358.79,3.63,163188.27,532.15,603.88,Released,3,1,2701,112,,,CR_HASH_122,,CR_HASH_010
2022-2801-4-10242-1,2022-2801-4-10242,2022,2801,King Fahd Causeway,EX,4,10242,25596,6/24/2022,8471300000,Portable laptop computers,BH,BH,BH,BH,DE,DE,NMB,46.0,27.27,FOB,471.66,3.69,1254.42,71.36,85.2,Released,7,5,2801,837,,,CR_HASH_078,,CR_HASH_030
2022-2601-4-10243-1,2022-2601-4-10243,2022,2601,Dry Port - Hidd,EX,4,10243,27165,3/7/2022,8703221000,Passenger cars 1000-1500cc,BH,BH,BH,BH,CN,CN,NMB,29.0,7105.15,EXW,77474.56,3.33,206049.35,74.45,79.22,Released,2,4,2601,134,,,CR_HASH_081,,CR_HASH_008
2022-2501-4-10244-1,2022-2501-4-10244,2022,2501,Bahrain International Airport,IM,4,10244,87563,2/2/2022,1006301000,Long-grain milled rice,US,US,AE,AE,BH,BH,KGM,3630.25,1.04,FOB,1419.57,0.62,3775.46,3630.25,4223.59,Released,9,5,2501,386,,,CR_HASH_239,CR_HASH_025,
2022-2601-8-10245-1,2022-2601-8-10245,2022,2601,Dry Port - Hidd,IM,8,10245,59144,6/12/2022,3923301000,Plastic bottles for packaging,JP,JP,US,US,BH,BH,NMB,17.0,0.13,EXW,0.83,1.81,2.21,127.51,151.81,Released,5,1,2601,273,,,CR_HASH_018,CR_HASH_027,
2022-2801-1-10246-1,2022-2801-1-10246,2022,2801,King Fahd Causeway,IM,1,10246,93849,9/27/2022,8471300000,Portable laptop computers,US,US,US,US,BH,BH,NMB,18.0,352.3,FOB,2384.37,4.32,6341.4,117.18,133.66,Held,5,6,2801,300,,,CR_HASH_050,CR_HASH_042,
2022-2801-5-10247-1,2022-2801-5-10247,2022,2801,King Fahd Causeway,IM,5,10247,56868,1/25/2022,0102211000,"Live cattle, pure-bred breeding",US,US,US,US,BH,BH,NMB,138.0,1212.55,CIF,62916.79,4.2,167331.9,983.04,1075.3,Released,4,2,2801,272,,,CR_HASH_007,CR_HASH_045,
2022-2701-5-10248-1,2022-2701-5-10248,2022,2701,Khalifa Bin Salman Port,EX,5,10248,20448,2/7/2022,1006301000,Long-grain milled rice,BH,BH,BH,BH,US,US,KGM,3998.07,1.05,EXW,1578.44,1.98,4197.97,3998.07,4217.68,Released,2,5,2701,369,,,CR_HASH_168,,CR_HASH_026
2022-2701-6-10249-1,2022-2701-6-10249,2022,2701,Khalifa Bin Salman Port,EX,6,10249,21295,5/11/2022,3923301000,Plastic bottles for packaging,BH,BH,BH,BH,US,US,NMB,96.0,0.57,CIF,20.57,1.99,54.72,297.27,338.23,Released,7,3,2701,682,,,CR_HASH_216,,CR_HASH_030
2022-2501-4-10250-1,2022-2501-4-10250,2022,2501,Bahrain International Airport,EX,4,10250,65053,5/26/2022,1006301000,Long-grain milled rice,BH,BH,BH,BH,CN,CN,KGM,4474.26,0.44,CIF,740.22,4.62,1968.67,4474.26,5038.41,Released,5,3,2501,957,,,CR_HASH_181,,CR_HASH_021
2022-2601-2-10251-1,2022-2601-2-10251,2022,2601,Dry Port - Hidd,IM,2,10251,34165,1/13/2022,9018390000,Medical syringes and needles,SA,SA,SA,SA,BH,BH,NMB,97.0,0.3,EXW,10.94,3.64,29.1,735.65,820.91,Released,3,9,2601,683,,,CR_HASH_230,CR_HASH_007,
2022-2501-7-10252-1,2022-2501-7-10252,2022,2501,Bahrain International Airport,IM,7,10252,54806,1/11/2022,9018390000,Medical syringes and needles,SA,SA,SA,SA,BH,BH,NMB,185.0,0.08,EXW,5.56,4.45,14.8,188.0,220.93,Held,8,4,2501,563,,,CR_HASH_110,CR_HASH_026,
2022-2601-8-10253-1,2022-2601-8-10253,2022,2601,Dry Port - Hidd,IM,8,10253,65802,5/15/2022,8703221000,Passenger cars 1000-1500cc,AE,AE,AE,AE,BH,BH,NMB,144.0,18176.92,CIF,984171.16,0.76,2617476.48,395.47,429.01,Released,1,8,2601,354,,,CR_HASH_026,CR_HASH_022,
2022-2601-4-10254-1,2022-2601-4-10254,2022,2601,Dry Port - Hidd,IM,4,10254,75453,11/11/2022,0102211000,"Live cattle, pure-bred breeding",AE,AE,AE,AE,BH,BH,NMB,132.0,1484.44,FOB,73675.73,3.01,195946.08,935.69,1112.2,Pending,9,5,2601,322,,,CR_HASH_107,CR_HASH_041,
2022-2501-2-10255-1,2022-2501-2-10255,2022,2501,Bahrain International Airport,IM,2,10255,42792,9/30/2022,8703221000,Passenger cars 1000-1500cc,AE,AE,AE,AE,BH,BH,NMB,198.0,11446.78,CIF,852189.88,2.02,2266462.44,377.97,399.16,Held,1,7,2501,728,,,CR_HASH_082,CR_HASH_044,
2022-2601-3-10256-1,2022-2601-3-10256,2022,2601,Dry Port - Hidd,IM,3,10256,27902,10/4/2022,3923301000,Plastic bottles for packaging,CN,CN,CN,CN,BH,BH,NMB,164.0,0.58,EXW,35.77,0.59,95.12,1300.76,1518.43,Released,8,3,2601,505,,,CR_HASH_074,CR_HASH_046,
2022-2801-4-10257-1,2022-2801-4-10257,2022,2801,King Fahd Causeway,EX,4,10257,97007,6/22/2022,8471300000,Portable laptop computers,BH,BH,BH,BH,AE,AE,NMB,77.0,638.36,EXW,18481.8,2.51,49153.72,212.48,233.0,Released,8,5,2801,520,,,CR_HASH_072,,CR_HASH_039
2022-2601-5-10258-1,2022-2601-5-10258,2022,2601,Dry Port - Hidd,EX,5,10258,17306,5/30/2022,6109100000,Cotton t-shirts,BH,BH,BH,BH,JP,JP,NMB,87.0,12.75,EXW,417.08,3.03,1109.25,411.7,459.59,Released,7,2,2601,774,,,CR_HASH_085,,CR_HASH_035
2022-2701-3-10259-1,2022-2701-3-10259,2022,2701,Khalifa Bin Salman Port,IM,3,10259,30799,3/21/2022,8504400090,Static converters,CN,CN,US,US,BH,BH,NMB,158.0,139.64,EXW,8295.73,3.91,22063.12,801.88,857.51,Released,4,4,2701,867,,,CR_HASH_143,CR_HASH_041,
2022-2601-9-10260-1,2022-2601-9-10260,2022,2601,Dry Port - Hidd,EX,9,10260,71322,11/25/2022,8703221000,Passenger cars 1000-1500cc,BH,BH,BH,BH,AE,AE,NMB,77.0,17897.46,FOB,518167.26,4.82,1378104.42,325.26,381.04,Released,6,7,2601,211,,,CR_HASH_001,,CR_HASH_030
2022-2501-9-10261-1,2022-2501-9-10261,2022,2501,Bahrain International Airport,IM,9,10261,85762,12/27/2022,1006301000,Long-grain milled rice,AE,AE,DE,DE,BH,BH,KGM,3801.32,1.07,CIF,1529.35,2.21,4067.41,3801.32,4288.38,Released,5,9,2501,488,,,CR_HASH_152,CR_HASH_043,
2022-2501-9-10262-1,2022-2501-9-10262,2022,2501,Bahrain International Airport,IM,9,10262,81578,9/5/2022,8517120000,Cellular telephones,CN,CN,CN,CN,BH,BH,NMB,76.0,632.82,FOB,18083.46,3.16,48094.32,131.7,152.21,Released,8,2,2501,307,,,CR_HASH_209,CR_HASH_015,
2022-2601-8-10263-1,2022-2601-8-10263,2022,2601,Dry Port - Hidd,IM,8,10263,31987,4/21/2022,8504400090,Static converters,US,US,US,US,BH,BH,NMB,109.0,224.9,EXW,9217.3,4.39,24514.1,446.97,536.21,Released,5,3,2601,409,,,CR_HASH_041,CR_HASH_006,
2022-2701-3-10264-1,2022-2701-3-10264,2022,2701,Khalifa Bin Salman Port,EX,3,10264,55353,2/23/2022,0102211000,"Live cattle, pure-bred breeding",BH,BH,BH,BH,AE,AE,NMB,8.0,1647.07,CIF,4954.39,1.33,13176.56,34.86,40.32,Pending,3,9,2701,388,,,CR_HASH_199,,CR_HASH_030
2022-2801-8-10265-1,2022-2801-8-10265,2022,2801,King Fahd Causeway,IM,8,10265,63830,10/24/2022,8471300000,Portable laptop computers,SA,SA,SA,SA,BH,BH,NMB,97.0,694.18,FOB,25318.13,4.19,67335.46,271.88,303.65,Released,3,7,2801,770,,,CR_HASH_071,CR_HASH_016,
2022-2501-1-10266-1,2022-2501-1-10266,2022,2501,Bahrain International Airport,EX,1,10266,53578,2/26/2022,8504400090,Static converters,BH,BH,BH,BH,JP,JP,NMB,125.0,118.37,EXW,5563.39,1.82,14796.25,813.17,901.45,Released,5,8,2501,154,,,CR_HASH_198,,CR_HASH_006
2022-2501-8-10267-1,2022-2501-8-10267,2022,2501,Bahrain International Airport,EX,8,10267,49448,4/30/2022,1006301000,Long-grain milled rice,BH,BH,BH,BH,JP,JP,KGM,317.55,1.5,EXW,179.1,1.09,476.33,317.55,378.74,Released,1,5,2501,987,,,CR_HASH_022,,CR_HASH_012
2022-2601-9-10268-1,2022-2601-9-10268,2022,2601,Dry Port - Hidd,IM,9,10268,11382,3/22/2022,8504400090,Static converters,CN,CN,CN,CN,BH,BH,NMB,1.0,61.5,EXW,23.12,3.21,61.5,5.42,5.96,Released,7,4,2601,428,,,CR_HASH_129,CR_HASH_031,
2022-2501-8-10269-1,2022-2501-8-10269,2022,2501,Bahrain International Airport,IM,8,10269,70518,5/9/2022,2710192100,Gas oils for diesel engines,US,US,AE,AE,BH,BH,LTR,19303.51,0.86,EXW,6241.98,1.35,16601.02,16642.15,19683.91,Released,2,1,2501,777,,,CR_HASH_167,CR_HASH_011,
2022-2701-6-10270-1,2022-2701-6-10270,2022,2701,Khalifa Bin Salman Port,IM,6,10270,74218,12/19/2022,8504400090,Static converters,IN,IN,IN,IN,BH,BH,NMB,83.0,159.58,CIF,4980.17,4.17,13245.14,542.33,612.92,Released,2,4,2701,146,,,CR_HASH_161,CR_HASH_014,
2022-2801-3-10271-1,2022-2801-3-10271,2022,2801,King Fahd Causeway,EX,3,10271,78581,9/3/2022,2710192100,Gas oils for diesel engines,BH,BH,BH,BH,CN,CN,LTR,8092.01,0.52,CIF,1582.15,0.87,4207.85,6409.18,7026.94,Released,2,9,2801,474,,,CR_HASH_135,,CR_HASH_010
2022-2801-5-10272-1,2022-2801-5-10272,2022,2801,King Fahd Causeway,EX,5,10272,40568,9/4/2022,8471300000,Portable laptop computers,BH,BH,BH,BH,TH,TH,NMB,44.0,740.42,CIF,12249.51,1.08,32578.48,246.22,267.41,Pending,4,1,2801,617,,,CR_HASH_063,,CR_HASH_021
2022-2601-8-10273-1,2022-2601-8-10273,2022,2601,Dry Port - Hidd,EX,8,10273,35034,11/19/2022,6109100000,Cotton t-shirts,BH,BH,BH,BH,JP,JP,NMB,148.0,6.5,EXW,361.71,3.82,962.0,431.46,490.02,Released,1,2,2601,990,,,CR_HASH_074,,CR_HASH_015
2022-2701-5-10274-1,2022-2701-5-10274,2022,2701,Khalifa Bin Salman Port,IM,5,10274,66117,6/5/2022,8471300000,Portable laptop computers,DE,DE,DE,DE,BH,BH,NMB,37.0,211.46,CIF,2941.83,2.94,7824.02,124.34,131.28,Released,7,9,2701,480,,,CR_HASH_060,CR_HASH_030,
2022-2601-6-10275-1,2022-2601-6-10275,2022,2601,Dry Port - Hidd,EX,6,10275,15474,4/14/2022,8471300000,Portable laptop computers,BH,BH,BH,BH,CN,CN,NMB,97.0,42.95,CIF,1566.47,1.99,4166.15,466.13,537.28,Released,3,7,2601,833,,,CR_HASH_007,,CR_HASH_027
2022-2801-7-10276-1,2022-2801-7-10276,2022,2801,King Fahd Causeway,RE,7,10276,82161,6/10/2022,8504400090,Static converters,SA,SA,BH,BH,DE,DE,NMB,173.0,196.84,EXW,12804.05,2.64,34053.32,1166.5,1352.6,Pending,2,6,2801,609,,,CR_HASH_213,CR_HASH_021,
2022-2701-8-10277-1,2022-2701-8-10277,2022,2701,Khalifa Bin Salman Port,EX,8,10277,58978,7/7/2022,8517120000,Cellular telephones,BH,BH,BH,BH,DE,DE,NMB,86.0,1001.7,EXW,32390.97,4.58,86146.2,203.55,235.39,Released,6,6,2701,620,,,CR_HASH_026,,CR_HASH_038
2022-2501-7-10278-1,2022-2501-7-10278,2022,2501,Bahrain International Airport,EX,7,10278,87083,11/26/2022,3923301000,Plastic bottles for packaging,BH,BH,BH,BH,US,US,NMB,44.0,0.61,EXW,10.09,0.91,26.84,91.69,98.87,Released,2,7,2501,282,,,CR_HASH_064,,CR_HASH_002
2022-2801-8-10279-1,2022-2801-8-10279,2022,2801,King Fahd Causeway,IM,8,10279,53301,4/2/2022,8504400090,Static converters,AE,AE,AE,AE,BH,BH,NMB,62.0,74.06,CIF,1726.49,1.75,4591.72,380.36,425.89,Released,9,3,2801,248,,,CR_HASH_093,CR_HASH_017,
2022-2801-5-10280-1,2022-2801-5-10280,2022,2801,King Fahd Causeway,IM,5,10280,69011,2/25/2022,2710192100,Gas oils for diesel engines,IN,IN,IN,IN,BH,BH,LTR,2223.61,0.52,EXW,434.76,4.83,1156.28,1817.57,2088.95,Released,7,6,2801,835,,,CR_HASH_073,CR_HASH_031,
2022-2801-4-10281-1,2022-2801-4-10281,2022,2801,King Fahd Causeway,EX,4,10281,35184,6/21/2022,1006301000,Long-grain milled rice,BH,BH,BH,BH,DE,DE,KGM,3551.85,0.49,EXW,654.39,1.52,1740.41,3551.85,3774.72,Released,5,7,2801,934,,,CR_HASH_123,,CR_HASH_041
2022-2801-5-10282-1,2022-2801-5-10282,2022,2801,King Fahd Causeway,IM,5,10282,68777,3/13/2022,8517120000,Cellular telephones,US,US,US,US,BH,BH,NMB,185.0,867.96,FOB,60375.3,4.0,160572.6,305.51,346.56,Released,6,4,2801,113,,,CR_HASH_087,CR_HASH_006,
2022-2501-1-10283-1,2022-2501-1-10283,2022,2501,Bahrain International Airport,IM,1,10283,33007,4/10/2022,0102211000,"Live cattle, pure-bred breeding",CN,CN,CN,CN,BH,BH,NMB,42.0,1331.06,EXW,21020.1,3.05,55904.52,230.82,264.16,Held,2,8,2501,607,,,CR_HASH_154,CR_HASH_046,
2022-2501-7-10284-1,2022-2501-7-10284,2022,2501,Bahrain International Airport,IM,7,10284,58450,3/22/2022,1006301000,Long-grain milled rice,SA,SA,IN,IN,BH,BH,KGM,2012.27,0.87,FOB,658.25,3.75,1750.67,2012.27,2302.36,Released,4,5,2501,357,,,CR_HASH_192,CR_HASH_006,
2022-2501-3-10285-1,2022-2501-3-10285,2022,2501,Bahrain International Airport,IM,3,10285,74120,4/9/2022,9018390000,Medical syringes and needles,AE,AE,AE,AE,BH,BH,NMB,187.0,0.33,EXW,23.2,0.68,61.71,752.93,823.36,Released,8,4,2501,354,,,CR_HASH_020,CR_HASH_022,
2022-2701-8-10286-1,2022-2701-8-10286,2022,2701,Khalifa Bin Salman Port,RE,8,10286,16592,5/11/2022,6109100000,Cotton t-shirts,AE,AE,BH,BH,IN,IN,NMB,103.0,49.55,CIF,1918.97,2.41,5103.65,617.22,713.39,Released,3,9,2701,429,,,CR_HASH_129,CR_HASH_012,
2022-2601-4-10287-1,2022-2601-4-10287,2022,2601,Dry Port - Hidd,IM,4,10287,70831,11/5/2022,6109100000,Cotton t-shirts,SA,SA,SA,SA,BH,BH,NMB,53.0,12.46,CIF,248.3,4.77,660.38,213.31,224.88,Released,5,3,2601,349,,,CR_HASH_055,CR_HASH_044,
2022-2501-3-10288-1,2022-2501-3-10288,2022,2501,Bahrain International Airport,IM,3,10288,28614,7/25/2022,8517120000,Cellular telephones,CN,CN,CN,CN,BH,BH,NMB,124.0,613.75,CIF,28615.48,4.79,76105.0,173.49,208.16,Released,1,8,2501,476,,,CR_HASH_160,CR_HASH_021,
2022-2701-5-10289-1,2022-2701-5-10289,2022,2701,Khalifa Bin Salman Port,RE,5,10289,47940,5/11/2022,3923301000,Plastic bottles for packaging,CN,CN,BH,BH,IN,IN,NMB,94.0,0.42,CIF,14.84,1.14,39.48,742.76,874.53,Held,6,5,2701,563,,,CR_HASH_207,CR_HASH_046,
2022-2701-8-10290-1,2022-2701-8-10290,2022,2701,Khalifa Bin Salman Port,IM,8,10290,73437,9/17/2022,3923301000,Plastic bottles for packaging,CN,CN,CN,CN,BH,BH,NMB,190.0,0.32,CIF,22.86,2.18,60.8,299.27,350.61,Released,5,7,2701,187,,,CR_HASH_155,CR_HASH_038,
2022-2601-8-10291-1,2022-2601-8-10291,2022,2601,Dry Port - Hidd,IM,8,10291,56682,10/24/2022,8703221000,Passenger cars 1000-1500cc,US,US,US,US,BH,BH,NMB,109.0,21397.7,EXW,876963.34,3.47,2332349.3,378.16,414.36,Released,7,4,2601,539,,,CR_HASH_097,CR_HASH_020,
2022-2801-8-10292-1,2022-2801-8-10292,2022,2801,King Fahd Causeway,IM,8,10292,68688,3/21/2022,8517120000,Cellular telephones,AE,AE,AE,AE,BH,BH,NMB,69.0,1115.24,FOB,28933.79,3.14,76951.56,463.33,496.15,Released,5,7,2801,132,,,CR_HASH_024,CR_HASH_045,
2022-2601-1-10293-1,2022-2601-1-10293,2022,2601,Dry Port - Hidd,IM,1,10293,64746,8/10/2022,0102211000,"Live cattle, pure-bred breeding",CN,CN,CN,CN,BH,BH,NMB,90.0,1903.47,EXW,64413.42,4.47,171312.3,170.32,183.71,Released,3,2,2601,768,,,CR_HASH_086,CR_HASH_016,
2022-2801-8-10294-1,2022-2801-8-10294,2022,2801,King Fahd Causeway,RE,8,10294,99016,2/3/2022,9018390000,Medical syringes and needles,JP,JP,BH,BH,JP,JP,NMB,59.0,0.24,CIF,5.32,0.98,14.16,60.01,68.35,Pending,1,4,2801,404,,,CR_HASH_179,CR_HASH_010,
2022-2701-2-10295-1,2022-2701-2-10295,2022,2701,Khalifa Bin Salman Port,IM,2,10295,66616,4/26/2022,8517120000,Cellular telephones,CN,CN,CN,CN,BH,BH,NMB,139.0,401.23,EXW,20969.88,1.15,55770.97,234.39,261.3,Pending,5,7,2701,277,,,CR_HASH_018,CR_HASH_008,
2022-2501-6-10296-1,2022-2501-6-10296,2022,2501,Bahrain International Airport,IM,6,10296,31080,7/31/2022,0102211000,"Live cattle, pure-bred breeding",SA,SA,SA,SA,BH,BH,NMB,181.0,103.7,CIF,7057.41,0.82,18769.7,689.18,783.73,Released,4,2,2501,220,,,CR_HASH_014,CR_HASH_011,
2022-2501-9-10297-1,2022-2501-9-10297,2022,2501,Bahrain International Airport,IM,9,10297,18570,6/20/2022,1006301000,Long-grain milled rice,US,US,US,US,BH,BH,KGM,4900.15,0.87,EXW,1602.94,2.03,4263.13,4900.15,5155.54,Released,2,2,2501,680,,,CR_HASH_249,CR_HASH_033,
2022-2601-4-10298-1,2022-2601-4-10298,2022,2601,Dry Port - Hidd,IM,4,10298,35757,9/19/2022,3923301000,Plastic bottles for packaging,CN,CN,CN,CN,BH,BH,NMB,170.0,0.27,CIF,17.26,1.28,45.9,279.39,300.13,Released,9,5,2601,138,,,CR_HASH_061,CR_HASH_030,
2022-2701-3-10299-1,2022-2701-3-10299,2022,2701,Khalifa Bin Salman Port,IM,3,10299,91212,6/5/2022,8703221000,Passenger cars 1000-1500cc,SA,SA,SA,SA,BH,BH,NMB,130.0,14055.43,EXW,687029.42,4.76,1827205.9,253.55,278.2,Released,4,6,2701,727,,,CR_HASH_063,CR_HASH_021,
